<?xml version="1.0" encoding="UTF-8"?>
<kml xmlns="http://www.opengis.net/kml/2.2" xmlns:gx="http://www.google.com/kml/ext/2.2" xmlns:kml="http://www.opengis.net/kml/2.2" xmlns:atom="http://www.w3.org/2005/Atom">
<Document id="1sdXp5rELqVDFbqkgtb1njH3zcgxpwrrv">
	<name>Cicloturistica Appia &quot;Sulle colline Beneventane &quot; 27 Aprile (Rosso)</name>
	<visibility>0</visibility>
	<gx:CascadingStyle kml:id="__managed_style_24BBD8236D376ED8C8E0">
		<Style>
			<IconStyle>
				<scale>1.2</scale>
				<Icon>
					<href>https://earth.google.com/earth/document/icon?color=d32f2f&amp;id=2006&amp;scale=4</href>
				</Icon>
				<hotSpot x="64" y="128" xunits="pixels" yunits="insetPixels"/>
			</IconStyle>
			<LabelStyle>
			</LabelStyle>
			<LineStyle>
				<color>ff2dc0fb</color>
				<width>6</width>
			</LineStyle>
			<PolyStyle>
				<color>40ffffff</color>
			</PolyStyle>
			<BalloonStyle>
			</BalloonStyle>
		</Style>
	</gx:CascadingStyle>
	<gx:CascadingStyle kml:id="__managed_style_177DDD31FB376ED8C8E0">
		<Style>
			<IconStyle>
				<Icon>
					<href>https://earth.google.com/earth/document/icon?color=d32f2f&amp;id=2006&amp;scale=4</href>
				</Icon>
				<hotSpot x="64" y="128" xunits="pixels" yunits="insetPixels"/>
			</IconStyle>
			<LabelStyle>
			</LabelStyle>
			<LineStyle>
				<color>ff2dc0fb</color>
				<width>4</width>
			</LineStyle>
			<PolyStyle>
				<color>40ffffff</color>
			</PolyStyle>
			<BalloonStyle>
			</BalloonStyle>
		</Style>
	</gx:CascadingStyle>
	<StyleMap id="__managed_style_03F5125839376ED8C8E0">
		<Pair>
			<key>normal</key>
			<styleUrl>#__managed_style_177DDD31FB376ED8C8E0</styleUrl>
		</Pair>
		<Pair>
			<key>highlight</key>
			<styleUrl>#__managed_style_24BBD8236D376ED8C8E0</styleUrl>
		</Pair>
	</StyleMap>
	<gx:CascadingStyle kml:id="__managed_style_196E167F235376EAF861C">
		<Style>
			<IconStyle>
				<scale>1.5</scale>
				<Icon>
					<href>https://earth.google.com/earth/document/icon?color=bdbdbd&amp;id=2000&amp;scale=4</href>
				</Icon>
				<hotSpot x="64" y="128" xunits="pixels" yunits="insetPixels"/>
			</IconStyle>
			<LabelStyle>
				<scale>1.5</scale>
			</LabelStyle>
			<LineStyle>
				<color>ff2dc0fb</color>
				<width>4</width>
			</LineStyle>
			<PolyStyle>
				<color>40ffffff</color>
			</PolyStyle>
			<BalloonStyle>
			</BalloonStyle>
		</Style>
	</gx:CascadingStyle>
	<StyleMap id="__managed_style_1892C8B99C4376EAF861C">
		<Pair>
			<key>normal</key>
			<styleUrl>#__managed_style_196E167F235376EAF861C</styleUrl>
		</Pair>
		<Pair>
			<key>highlight</key>
			<styleUrl>#__managed_style_1AC45922A9D376EAF861C</styleUrl>
		</Pair>
	</StyleMap>
	<StyleMap id="__managed_style_1B99002C951376EAF861C">
		<Pair>
			<key>normal</key>
			<styleUrl>#__managed_style_1CD86090D0A376EAF861C</styleUrl>
		</Pair>
		<Pair>
			<key>highlight</key>
			<styleUrl>#__managed_style_1DF243EF6F7376EAF861C</styleUrl>
		</Pair>
	</StyleMap>
	<gx:CascadingStyle kml:id="__managed_style_11BD028FB6C376EAF861C">
		<Style>
			<IconStyle>
				<scale>1.2</scale>
				<Icon>
					<href>https://earth.google.com/earth/document/icon?color=1976d2&amp;id=2000&amp;scale=4</href>
				</Icon>
				<hotSpot x="64" y="128" xunits="pixels" yunits="insetPixels"/>
			</IconStyle>
			<LabelStyle>
			</LabelStyle>
			<LineStyle>
				<color>ff2f2fd3</color>
				<width>12</width>
			</LineStyle>
			<PolyStyle>
				<color>40ffffff</color>
			</PolyStyle>
			<BalloonStyle>
			</BalloonStyle>
		</Style>
	</gx:CascadingStyle>
	<StyleMap id="__managed_style_0A46B258EF376EAF8618">
		<Pair>
			<key>normal</key>
			<styleUrl>#__managed_style_182E9CB8B2376EAF8618</styleUrl>
		</Pair>
		<Pair>
			<key>highlight</key>
			<styleUrl>#__managed_style_06681118E2376EAF8619</styleUrl>
		</Pair>
	</StyleMap>
	<gx:CascadingStyle kml:id="__managed_style_106EC170475376EAF861C">
		<Style>
			<IconStyle>
				<Icon>
					<href>https://earth.google.com/earth/document/icon?color=1976d2&amp;id=2000&amp;scale=4</href>
				</Icon>
				<hotSpot x="64" y="128" xunits="pixels" yunits="insetPixels"/>
			</IconStyle>
			<LabelStyle>
			</LabelStyle>
			<LineStyle>
				<color>ff2f2fd3</color>
				<width>8</width>
			</LineStyle>
			<PolyStyle>
				<color>40ffffff</color>
			</PolyStyle>
			<BalloonStyle>
			</BalloonStyle>
		</Style>
	</gx:CascadingStyle>
	<gx:CascadingStyle kml:id="__managed_style_1DF243EF6F7376EAF861C">
		<Style>
			<IconStyle>
				<scale>1.8</scale>
				<Icon>
					<href>https://earth.google.com/earth/document/icon?color=f57c00&amp;id=2000&amp;scale=4</href>
				</Icon>
				<hotSpot x="64" y="128" xunits="pixels" yunits="insetPixels"/>
			</IconStyle>
			<LabelStyle>
			</LabelStyle>
			<LineStyle>
				<color>ff2dc0fb</color>
				<width>6</width>
			</LineStyle>
			<PolyStyle>
				<color>40ffffff</color>
			</PolyStyle>
			<BalloonStyle>
			</BalloonStyle>
		</Style>
	</gx:CascadingStyle>
	<gx:CascadingStyle kml:id="__managed_style_1AC45922A9D376EAF861C">
		<Style>
			<IconStyle>
				<scale>1.8</scale>
				<Icon>
					<href>https://earth.google.com/earth/document/icon?color=bdbdbd&amp;id=2000&amp;scale=4</href>
				</Icon>
				<hotSpot x="64" y="128" xunits="pixels" yunits="insetPixels"/>
			</IconStyle>
			<LabelStyle>
				<scale>1.5</scale>
			</LabelStyle>
			<LineStyle>
				<color>ff2dc0fb</color>
				<width>6</width>
			</LineStyle>
			<PolyStyle>
				<color>40ffffff</color>
			</PolyStyle>
			<BalloonStyle>
			</BalloonStyle>
		</Style>
	</gx:CascadingStyle>
	<gx:CascadingStyle kml:id="__managed_style_1CD86090D0A376EAF861C">
		<Style>
			<IconStyle>
				<scale>1.5</scale>
				<Icon>
					<href>https://earth.google.com/earth/document/icon?color=f57c00&amp;id=2000&amp;scale=4</href>
				</Icon>
				<hotSpot x="64" y="128" xunits="pixels" yunits="insetPixels"/>
			</IconStyle>
			<LabelStyle>
			</LabelStyle>
			<LineStyle>
				<color>ff2dc0fb</color>
				<width>4</width>
			</LineStyle>
			<PolyStyle>
				<color>40ffffff</color>
			</PolyStyle>
			<BalloonStyle>
			</BalloonStyle>
		</Style>
	</gx:CascadingStyle>
	<gx:CascadingStyle kml:id="__managed_style_06681118E2376EAF8619">
		<Style>
			<IconStyle>
				<scale>1.2</scale>
				<Icon>
					<href>https://earth.google.com/earth/document/icon?color=1976d2&amp;id=2000&amp;scale=4</href>
				</Icon>
				<hotSpot x="64" y="128" xunits="pixels" yunits="insetPixels"/>
			</IconStyle>
			<LabelStyle>
			</LabelStyle>
			<LineStyle>
				<color>ff2dc0fb</color>
				<width>6</width>
			</LineStyle>
			<PolyStyle>
				<color>40ffffff</color>
			</PolyStyle>
			<BalloonStyle>
			</BalloonStyle>
		</Style>
	</gx:CascadingStyle>
	<gx:CascadingStyle kml:id="__managed_style_182E9CB8B2376EAF8618">
		<Style>
			<IconStyle>
				<Icon>
					<href>https://earth.google.com/earth/document/icon?color=1976d2&amp;id=2000&amp;scale=4</href>
				</Icon>
				<hotSpot x="64" y="128" xunits="pixels" yunits="insetPixels"/>
			</IconStyle>
			<LabelStyle>
			</LabelStyle>
			<LineStyle>
				<color>ff2dc0fb</color>
				<width>4</width>
			</LineStyle>
			<PolyStyle>
				<color>40ffffff</color>
			</PolyStyle>
			<BalloonStyle>
			</BalloonStyle>
		</Style>
	</gx:CascadingStyle>
	<StyleMap id="__managed_style_F3DF871CE7376EAF861C">
		<Pair>
			<key>normal</key>
			<styleUrl>#__managed_style_106EC170475376EAF861C</styleUrl>
		</Pair>
		<Pair>
			<key>highlight</key>
			<styleUrl>#__managed_style_11BD028FB6C376EAF861C</styleUrl>
		</Pair>
	</StyleMap>
	<Folder id="540E62B1B1000001">
		<name>Percorsi 27 Aprile </name>
		<styleUrl>#__managed_style_0A46B258EF376EAF8618</styleUrl>
		<Placemark id="53EA3E9414000002">
			<name>Percorso Rosso 27 Aprile</name>
			<styleUrl>#__managed_style_F3DF871CE7376EAF861C</styleUrl>
			<LineString>
				<coordinates>
					14.777899,41.131225,145.6 14.777879,41.131244,155.4 14.777871,41.131263,155.4 14.777872,41.131279,155.4 14.777878,41.131299,155.4 14.777891,41.131324,155.4 14.77791,41.131353,155.2 14.777938,41.131387,155.2 14.777964,41.131416,155.4 14.777991,41.131449,155.4 14.778015,41.131475,155.4 14.778059,41.131508,155.4 14.778087,41.131544,155.4 14.778116,41.131577,155.4 14.778146,41.131609,155.2 14.778178,41.131639,155.2 14.77821,41.131671,155.2 14.778244,41.131704,155.2 14.778278,41.131736,155.2 14.778311,41.131769,155.2 14.778395,41.131823,155 14.778433,41.131857,155 14.778464,41.131909,155 14.778494,41.131947,154.8 14.778526,41.131972,154.8 14.778565,41.132018,154.8 14.778619,41.132072,154.6 14.778653,41.132111,154.6 14.778699,41.132153,154.6 14.778726,41.132182,154.4 14.778753,41.132202,154.2 14.778795,41.132241,154.2 14.778815,41.132256,154.2 14.778839,41.132282,154 14.778867,41.132311,154 14.77889,41.132332,154 14.778912,41.132354,153.8 14.778931,41.132375,153.6 14.778946,41.132397,153.6 14.778956,41.132418,153.4 14.778971,41.132436,153.4 14.778988,41.132455,153.4 14.778998,41.132476,153.2 14.779001,41.132489,153 14.779006,41.132505,152.8 14.779002,41.132523,152.6 14.77899,41.132529,151.6 14.778988,41.132524,151.4 14.778984,41.132523,151.6 14.778984,41.132525,151.6 14.778961,41.132528,151.6 14.778942,41.132535,151.6 14.778925,41.132542,151.8 14.778918,41.132546,151.8 14.778918,41.132551,151.8 14.778921,41.132569,151.8 14.778929,41.132589,151.8 14.778937,41.132616,151.8 14.778949,41.132641,151.8 14.778972,41.13266,151.8 14.779001,41.132675,151.8 14.779029,41.132688,151.8 14.779058,41.132702,151.6 14.779086,41.132716,151.6 14.77912,41.132726,151.6 14.779153,41.132737,151.6 14.779181,41.132743,151.6 14.779205,41.132746,151.6 14.779227,41.132742,151.6 14.779246,41.132736,151.6 14.779263,41.132729,151.6 14.779282,41.13272,151.6 14.779304,41.132713,151.4 14.779327,41.13271,151.4 14.779353,41.132714,151.4 14.779377,41.132718,151.4 14.779403,41.132724,151.4 14.779431,41.13273,151.4 14.779453,41.132741,151.2 14.779476,41.132752,151.2 14.779501,41.132766,151.2 14.779526,41.132783,151.2 14.77955,41.132801,151 14.77957,41.132817,151 14.779595,41.132832,151 14.779623,41.132841,150.8 14.779651,41.132854,150.8 14.779673,41.132867,150.8 14.77969,41.132879,150.8 14.779707,41.13289,150.6 14.779728,41.1329,150.6 14.779748,41.132912,150.4 14.77978,41.132932,150 14.7798,41.132945,149.8 14.779824,41.13296,149.6 14.779841,41.132976,149.4 14.779862,41.132991,149.2 14.779886,41.133004,149 14.779916,41.133017,148.8 14.779941,41.133034,148.8 14.779968,41.133051,148.6 14.779997,41.133068,148.4 14.780026,41.133088,148.2 14.780065,41.133109,148 14.780103,41.133135,148 14.780151,41.133161,148 14.7802,41.133191,147.6 14.780257,41.133229,147.8 14.78031,41.133257,147.6 14.780361,41.133288,147.4 14.780414,41.133322,147.4 14.780467,41.133358,147 14.780516,41.133391,146.8 14.780566,41.133413,146.4 14.780614,41.133446,146.2 14.780662,41.133478,146 14.780709,41.1335,145.8 14.780748,41.133519,145.2 14.780786,41.133536,144.6 14.780835,41.133559,144.2 14.780885,41.13359,144 14.780938,41.133622,143.6 14.780992,41.133655,143.4 14.781036,41.133691,143 14.781083,41.133729,142.8 14.78113,41.133766,142.6 14.781181,41.1338,142.2 14.781235,41.133828,142 14.781288,41.133854,142 14.781343,41.133887,141.8 14.781402,41.133911,141.4 14.781467,41.133932,141.2 14.781519,41.133951,141.2 14.781572,41.133972,140.8 14.781625,41.133992,140.8 14.78167,41.134022,140.6 14.781723,41.134054,140.4 14.781779,41.134109,140 14.781835,41.134145,139.6 14.781889,41.134174,139.4 14.78194,41.134198,139 14.781996,41.134214,138.8 14.782055,41.134233,138.6 14.782118,41.134257,138.4 14.782185,41.134286,138.2 14.782244,41.134313,138.2 14.782309,41.134336,138 14.782439,41.134371,137.6 14.782507,41.134392,137.2 14.782573,41.134409,137 14.782646,41.134424,136.8 14.78272,41.134443,136.6 14.782796,41.134459,136.2 14.782873,41.134471,136 14.782955,41.134475,135.8 14.783055,41.134485,135.6 14.783126,41.134493,135.4 14.783215,41.134506,135.4 14.783307,41.134519,135 14.783394,41.134518,134.8 14.78348,41.134515,134.6 14.783567,41.134518,134.4 14.783656,41.134529,134.2 14.783765,41.134537,133.8 14.783834,41.134537,133.6 14.783936,41.134528,133.4 14.784004,41.134521,133 14.784086,41.134513,132.8 14.784183,41.134515,132.8 14.784243,41.134508,132.6 14.784316,41.1345,132.6 14.784387,41.134495,132.4 14.784456,41.134493,132.2 14.784522,41.134488,132.2 14.784585,41.13448,132.2 14.784654,41.134463,132 14.78472,41.134447,131.8 14.784775,41.134435,131.6 14.784822,41.134416,131.6 14.784859,41.134397,131.6 14.784894,41.134371,131.4 14.784928,41.134344,131.4 14.784963,41.134317,131.4 14.784997,41.134281,131.4 14.785031,41.134249,131.4 14.785064,41.134229,131.4 14.785093,41.134203,131.4 14.785125,41.134172,131.4 14.785164,41.134142,131.4 14.785203,41.134116,131.4 14.785243,41.134089,131.6 14.785286,41.134073,131.6 14.785331,41.13407,131.6 14.785377,41.134085,131.6 14.785405,41.1341,131.6 14.785426,41.134121,131.8 14.785439,41.134151,131.8 14.785442,41.134183,131.8 14.785437,41.134215,131.8 14.785434,41.134246,132 14.78543,41.134276,132.2 14.785431,41.134307,132.2 14.785436,41.134338,132.2 14.785437,41.134366,132.2 14.785433,41.134393,132.2 14.785424,41.134427,132.2 14.785408,41.134453,132.2 14.785395,41.134478,132.2 14.78538,41.134495,132.2 14.785375,41.134514,132.2 14.785372,41.134518,132.2 14.785373,41.134522,131.8 14.785364,41.134532,131.6 14.78535,41.134541,131.4 14.785314,41.134562,131.2 14.785288,41.134569,131 14.785259,41.134578,131 14.785203,41.134603,131 14.785177,41.134617,131 14.785157,41.134632,131 14.785134,41.134645,130.8 14.785122,41.134659,130.8 14.785123,41.134669,130.8 14.785127,41.13467,130.8 14.785123,41.134672,130.6 14.78511,41.134676,130.6 14.785086,41.134682,130.6 14.785055,41.134689,130.6 14.784991,41.134703,130.6 14.784961,41.134711,130.6 14.784926,41.134722,130.6 14.784889,41.134733,130.6 14.784847,41.134746,130.6 14.784798,41.13476,130.6 14.784748,41.134777,130.6 14.784693,41.134785,130.6 14.78464,41.134792,130.6 14.784588,41.1348,130.6 14.784535,41.134808,130.6 14.784477,41.134817,130.6 14.784416,41.134825,130.6 14.784352,41.134836,130.4 14.784222,41.134854,130.4 14.784158,41.134864,130.4 14.784094,41.134876,130.4 14.78403,41.13489,130.6 14.78396,41.134906,130.6 14.783891,41.134921,130.6 14.783818,41.134931,130.6 14.783744,41.134938,130.6 14.783672,41.134945,130.6 14.783614,41.134949,130.6 14.783528,41.134956,130.6 14.783455,41.134969,130.6 14.783383,41.134981,130.6 14.783314,41.13499,130.6 14.783249,41.135002,130.6 14.783187,41.135015,130.6 14.783123,41.135026,130.6 14.78306,41.13504,130.6 14.782995,41.135054,130.6 14.78293,41.135072,130.6 14.782862,41.135092,130.6 14.782796,41.135112,130.6 14.782732,41.135127,130.6 14.78261,41.135161,130.8 14.782551,41.13518,130.8 14.782486,41.135192,130.8 14.782362,41.13523,130.8 14.7823,41.135252,130.8 14.782238,41.135277,130.8 14.782173,41.135294,130.8 14.78211,41.135316,130.8 14.782044,41.135337,130.8 14.781978,41.135357,130.8 14.781914,41.135384,130.8 14.781849,41.135402,131 14.781785,41.13542,131 14.781723,41.13544,131 14.781658,41.135462,131 14.781592,41.135481,131 14.781525,41.135498,131 14.781457,41.135512,131 14.781392,41.135522,131 14.781324,41.135524,130.8 14.781256,41.135517,130.6 14.78119,41.135505,130.6 14.781127,41.135491,130.6 14.781067,41.135477,130.8 14.78101,41.135465,130.6 14.780951,41.135454,130.6 14.780893,41.135443,130.8 14.780834,41.135431,130.8 14.780773,41.135418,130.8 14.780712,41.135401,130.8 14.780651,41.135381,130.8 14.780588,41.135365,130.8 14.780522,41.135354,130.8 14.780459,41.135348,130.8 14.7804,41.135348,130.8 14.780345,41.135353,130.8 14.780301,41.135367,130.8 14.780229,41.135408,130.8 14.780191,41.13543,130.8 14.780147,41.135451,130.8 14.780104,41.135473,130.8 14.780059,41.1355,130.8 14.780015,41.135533,130.8 14.779973,41.135569,131 14.77993,41.135607,131.2 14.779896,41.13565,131.2 14.779864,41.135691,131.4 14.779839,41.135734,131.6 14.779819,41.135781,131.8 14.779799,41.135827,131.8 14.779781,41.135875,132 14.779767,41.135923,132.4 14.779758,41.135971,132.6 14.779751,41.13602,132.8 14.779743,41.13607,133 14.779736,41.136119,133.2 14.779732,41.136169,133.4 14.779728,41.136216,133.6 14.779723,41.136261,133.8 14.779712,41.136304,133.8 14.779703,41.136347,133.8 14.779698,41.13639,133.8 14.779694,41.13643,133.8 14.779691,41.136473,133.8 14.779684,41.136513,134 14.77968,41.136549,134 14.779677,41.136582,134 14.779679,41.136658,134 14.779679,41.136699,134 14.779674,41.136739,134 14.77966,41.13682,134 14.779653,41.136862,134 14.779648,41.136902,134 14.779642,41.136946,134 14.779635,41.136989,133.8 14.779625,41.137033,133.8 14.779621,41.137073,133.8 14.779617,41.13711,133.8 14.779614,41.137148,133.8 14.779609,41.137188,134 14.779602,41.137229,134 14.779597,41.137273,133.8 14.779593,41.137317,133.8 14.779588,41.137361,134 14.779584,41.137406,134 14.779575,41.137451,134 14.779569,41.137494,134 14.779565,41.137537,134 14.77956,41.137579,133.8 14.779554,41.137624,133.8 14.779549,41.13767,133.8 14.779542,41.137716,133.8 14.779534,41.137763,133.8 14.779527,41.137813,133.8 14.779519,41.137864,133.8 14.779508,41.13792,133.8 14.779499,41.137975,133.8 14.77949,41.138032,133.6 14.779477,41.138087,133.6 14.779462,41.138141,133.4 14.779443,41.138194,133.4 14.779425,41.138248,133.2 14.779387,41.13835,132.8 14.779365,41.138399,132.6 14.779345,41.138446,132.6 14.779324,41.138493,132.2 14.779301,41.13854,132.2 14.779282,41.138585,132 14.779266,41.13863,131.8 14.779249,41.138673,131.8 14.779234,41.138716,131.6 14.779217,41.138757,131.6 14.7792,41.138796,131.6 14.779184,41.138836,131.6 14.779168,41.138879,131.6 14.779152,41.138925,131.6 14.779133,41.138973,131.6 14.779091,41.139073,131.6 14.779073,41.139124,131.6 14.779055,41.139176,131.6 14.779037,41.139231,131.8 14.779014,41.139284,131.8 14.77899,41.139337,131.8 14.778963,41.139388,131.8 14.77894,41.139441,131.8 14.778919,41.139493,131.8 14.778873,41.139601,131.8 14.778847,41.139654,131.8 14.778818,41.139706,131.8 14.778786,41.139755,132 14.778753,41.139803,132 14.778713,41.139848,132.2 14.778667,41.139891,132.4 14.778619,41.139933,132.4 14.778558,41.139981,132.6 14.778515,41.140012,132.8 14.778463,41.140048,133 14.778409,41.140081,133.2 14.778342,41.140121,133.4 14.778296,41.140145,133.6 14.778225,41.140179,133.8 14.778164,41.140205,134 14.778114,41.140224,134 14.778051,41.140249,134.2 14.777999,41.140277,134.4 14.777973,41.140315,134.4 14.777973,41.140356,134.6 14.777997,41.140406,134.6 14.778026,41.140449,134.8 14.778055,41.140485,134.8 14.77809,41.140533,134.8 14.778122,41.140585,134.8 14.778163,41.140652,134.8 14.778195,41.140698,135 14.778232,41.14075,135 14.778266,41.140801,134.8 14.778298,41.140853,135 14.778332,41.140905,135 14.778369,41.140953,135.2 14.778407,41.141001,135.2 14.778446,41.141053,135.2 14.778479,41.141102,135.2 14.778518,41.141162,135.2 14.778549,41.141215,135.2 14.778572,41.141258,135.2 14.778607,41.141318,135.2 14.778633,41.141355,135.2 14.778668,41.141402,135.4 14.778703,41.141451,135.4 14.778744,41.141507,135.4 14.778768,41.141546,135.6 14.778801,41.141605,135.6 14.778828,41.141652,135.6 14.778847,41.14169,135.8 14.778881,41.141748,135.8 14.778901,41.141787,135.8 14.778932,41.141845,135.8 14.778955,41.141885,135.8 14.778983,41.141933,135.8 14.779009,41.141979,136 14.779031,41.142025,136 14.779053,41.142082,136 14.779068,41.142126,136.2 14.779087,41.142161,136.2 14.779117,41.142213,136.2 14.779141,41.142249,136.2 14.779176,41.142302,136.4 14.779204,41.142334,136.4 14.779236,41.142376,136.4 14.779271,41.142428,136.6 14.779295,41.142464,136.8 14.779327,41.142508,136.8 14.77937,41.142559,137 14.779399,41.142596,137 14.779439,41.142642,137 14.779489,41.142697,137 14.779521,41.142733,137 14.779563,41.142778,137 14.779612,41.142828,137 14.779641,41.142863,137 14.779668,41.14291,137 14.779682,41.142958,137 14.779679,41.143005,137 14.779664,41.143046,137 14.779643,41.143085,137 14.779612,41.14313,137 14.779589,41.143166,137 14.779578,41.143193,137 14.77957,41.143228,137 14.779563,41.143269,137 14.77956,41.143298,137 14.779566,41.143328,137 14.779577,41.143361,137.2 14.779582,41.143382,137.4 14.779587,41.143407,137.6 14.779595,41.143435,137.6 14.7796,41.143451,137.6 14.779605,41.143471,137.6 14.779607,41.14349,137.8 14.77961,41.143509,137.8 14.779614,41.143522,137.8 14.779628,41.143555,138.2 14.779634,41.143565,138.2 14.779636,41.143567,138.2 14.779639,41.143581,139 14.779645,41.143594,139 14.779656,41.143611,139.2 14.779668,41.143631,139.2 14.779682,41.143655,139.2 14.779693,41.143687,139.2 14.779713,41.143763,139.2 14.779719,41.143791,139.2 14.779729,41.143832,139.2 14.779742,41.143871,139.2 14.779753,41.143905,139.2 14.779757,41.14393,139.2 14.779759,41.143949,139.4 14.779762,41.143969,139.6 14.779752,41.14397,139.8 14.779742,41.143981,139.8 14.779744,41.143976,140 14.779747,41.14396,140.4 14.779748,41.143937,140.6 14.779748,41.143914,140.8 14.779741,41.143885,140.8 14.779727,41.143853,140.8 14.779694,41.143751,141 14.779677,41.143708,141 14.779659,41.143672,141 14.779636,41.143629,141 14.779606,41.143577,140.8 14.779586,41.143543,140.8 14.779569,41.1435,140.8 14.779554,41.143459,140.8 14.779538,41.143414,140.4 14.779528,41.143369,140.4 14.779518,41.143314,140.2 14.779514,41.143276,140 14.779513,41.143232,139.6 14.779519,41.14319,139.4 14.779532,41.143154,139.2 14.779553,41.143125,138.8 14.779575,41.143093,138.8 14.779587,41.143073,138.6 14.779598,41.143047,138.4 14.779605,41.14302,138.2 14.779609,41.14299,138.2 14.779614,41.142959,138 14.779616,41.142927,138 14.779611,41.142893,137.8 14.779598,41.14286,137.6 14.779579,41.142824,137.6 14.779555,41.142786,137.4 14.77953,41.142746,137.4 14.779502,41.142705,137.4 14.779471,41.142666,137.2 14.779437,41.142629,137.2 14.779406,41.142593,137 14.779375,41.142559,137 14.779346,41.142528,137 14.77932,41.142498,137 14.7793,41.142471,137 14.779282,41.14245,137 14.779263,41.142438,137 14.779249,41.142433,137 14.779243,41.142432,137 14.779244,41.142435,137 14.779252,41.142437,137 14.779261,41.142437,137 14.779267,41.142436,137 14.779276,41.142449,137 14.779311,41.142482,137 14.779331,41.142499,137 14.779351,41.142521,137 14.779368,41.142542,137 14.779392,41.142566,137 14.779416,41.142591,137 14.779438,41.142615,137 14.779462,41.142636,137 14.779487,41.14266,137 14.779507,41.142683,137 14.779525,41.142705,137 14.779543,41.142723,137 14.77956,41.142741,136.8 14.779573,41.142761,136.8 14.779587,41.142778,136.8 14.779616,41.142812,136.8 14.779631,41.142832,136.8 14.779645,41.142849,136.8 14.779662,41.142867,136.8 14.779673,41.142881,136.8 14.779679,41.142896,136.8 14.779681,41.142904,136.8 14.779678,41.142909,136.6 14.779683,41.142915,136.6 14.779688,41.142924,136.8 14.77969,41.142931,136.8 14.779684,41.142942,137.2 14.779674,41.142971,137.2 14.779668,41.142982,137.2 14.779665,41.142986,137.2 14.779656,41.142989,137.2 14.779644,41.142996,137.2 14.779636,41.143013,137.2 14.779625,41.143035,137.2 14.779617,41.143055,137.2 14.779621,41.143079,137.2 14.779638,41.143107,137.2 14.779656,41.143138,137.2 14.779668,41.143155,137.2 14.779694,41.143185,137.4 14.779721,41.143225,137.4 14.779735,41.143248,137.4 14.779753,41.143274,137.4 14.779781,41.143306,137.4 14.779809,41.143333,137.4 14.779832,41.143366,137.4 14.779876,41.143435,137.4 14.779895,41.143463,137.4 14.779916,41.14349,137.6 14.779946,41.14353,137.6 14.77996,41.143557,137.6 14.78,41.143628,137.6 14.780018,41.143655,137.6 14.780045,41.143694,137.6 14.780071,41.143728,137.6 14.780092,41.143758,137.6 14.780125,41.143803,137.6 14.780156,41.143839,137.6 14.780183,41.143868,137.6 14.78022,41.143914,137.8 14.780247,41.143952,137.8 14.780265,41.14398,137.8 14.78029,41.144025,137.8 14.780307,41.144056,138 14.78033,41.144095,138 14.780358,41.144142,138 14.780381,41.14418,138 14.78041,41.144221,138 14.78044,41.144264,138 14.780465,41.144308,138 14.780488,41.144353,138 14.780514,41.144395,138 14.780548,41.144442,138 14.78057,41.144475,138 14.780598,41.144515,138 14.780633,41.14456,138 14.780656,41.144592,138 14.780691,41.144642,138 14.78072,41.144682,138 14.780745,41.144715,138.2 14.780781,41.144767,138.2 14.780802,41.144804,138.2 14.780852,41.144896,138.2 14.780909,41.144994,138.2 14.780938,41.145035,138.2 14.780968,41.145077,138.4 14.780991,41.145111,138.4 14.781022,41.145152,138.4 14.781057,41.145204,138.4 14.781078,41.145241,138.4 14.78111,41.145294,138.4 14.781136,41.145335,138.4 14.781158,41.145368,138.4 14.781191,41.14542,138.4 14.78122,41.145461,138.4 14.78125,41.145501,138.4 14.781282,41.145541,138.6 14.781309,41.145574,138.6 14.781344,41.145614,138.6 14.781388,41.145659,138.8 14.781426,41.145697,138.8 14.781453,41.145729,139 14.78149,41.145777,139 14.781521,41.145818,139 14.78159,41.145897,139.2 14.781626,41.145936,139.2 14.7817,41.146001,139.2 14.781741,41.146039,139.2 14.781782,41.146075,139.2 14.781822,41.146112,139.2 14.781873,41.146155,139.4 14.781915,41.146192,139.4 14.781946,41.146223,139.4 14.781994,41.146267,139.4 14.782028,41.146296,139.4 14.782083,41.146338,139.4 14.782133,41.146372,139.6 14.782229,41.146438,139.6 14.782276,41.146471,139.6 14.782322,41.146507,139.6 14.782369,41.146543,139.8 14.782405,41.146573,139.8 14.78246,41.146615,140 14.782509,41.146649,140 14.782561,41.146682,140 14.782615,41.146713,140.2 14.782668,41.146744,140.2 14.78272,41.146772,140.2 14.782775,41.146802,140.2 14.78283,41.146829,140.2 14.78288,41.146858,140.2 14.782931,41.146889,140.4 14.782978,41.14692,140.4 14.783026,41.146949,140.4 14.783082,41.146979,140.4 14.783137,41.147007,140.4 14.783191,41.147033,140.6 14.783235,41.147052,140.6 14.78329,41.147076,140.6 14.783358,41.1471,140.6 14.783476,41.147138,140.6 14.783536,41.147155,140.8 14.783595,41.147173,140.8 14.783651,41.147191,140.8 14.783702,41.147212,140.8 14.783744,41.147229,140.8 14.783792,41.147254,140.8 14.78384,41.147278,140.8 14.783887,41.147303,140.8 14.78393,41.147329,141 14.783973,41.147353,141 14.784028,41.14738,141 14.784068,41.147396,141 14.784119,41.147414,141 14.784184,41.147434,141 14.784226,41.147448,141 14.78428,41.147465,141 14.784346,41.147485,141 14.784391,41.147495,141 14.784463,41.147514,141 14.784522,41.14753,141 14.784569,41.147541,141 14.784643,41.147556,141 14.784704,41.147565,141 14.784764,41.147576,141 14.78489,41.147602,141 14.784942,41.14761,141 14.785003,41.147619,141 14.785079,41.147629,141 14.785141,41.14764,141 14.785189,41.147646,141 14.785254,41.147653,141.2 14.785331,41.147664,141.2 14.785381,41.147671,141.4 14.785458,41.14768,141.4 14.785523,41.147688,141.4 14.785575,41.147695,141.4 14.785652,41.147705,141.4 14.785716,41.147713,141.4 14.785768,41.147718,141.4 14.785845,41.147722,141.4 14.785896,41.147723,141.4 14.785961,41.147726,141.4 14.786042,41.14773,141.6 14.78611,41.147734,141.6 14.786165,41.14774,141.8 14.786246,41.147743,141.8 14.786298,41.147746,141.8 14.786365,41.147751,141.8 14.78643,41.147756,141.8 14.786509,41.147764,141.8 14.786562,41.147768,141.8 14.786641,41.147772,141.8 14.786707,41.147775,142 14.786758,41.147777,142 14.786824,41.14778,142 14.786903,41.147782,142 14.786955,41.14778,142 14.78702,41.147781,142 14.787228,41.147789,142 14.787292,41.147792,142 14.787345,41.147793,142 14.787425,41.147799,142 14.787494,41.147803,142.2 14.78755,41.147805,142.2 14.787617,41.147805,142.2 14.7877,41.147811,142.4 14.787754,41.147816,142.4 14.787822,41.147819,142.4 14.78789,41.147821,142.4 14.787958,41.147822,142.6 14.788026,41.147825,142.6 14.788107,41.147828,142.6 14.788228,41.147828,142.8 14.788309,41.14783,142.8 14.788379,41.147835,143 14.788516,41.147841,143 14.788585,41.147848,143 14.78864,41.147854,143 14.78878,41.147862,143 14.788849,41.147866,143 14.78892,41.14787,143 14.789005,41.147873,143.2 14.789062,41.147872,143.2 14.789145,41.147875,143.2 14.789216,41.147881,143.2 14.78927,41.147883,143.2 14.789338,41.147884,143.4 14.789405,41.147887,143.4 14.789472,41.147889,143.4 14.789541,41.147893,143.4 14.789623,41.147895,143.4 14.789677,41.147897,143.4 14.789747,41.147901,143.4 14.789819,41.147905,143.6 14.789889,41.147905,143.6 14.789959,41.147906,143.6 14.790044,41.147909,143.6 14.790117,41.147913,143.6 14.790177,41.147915,143.8 14.790264,41.14792,143.6 14.790336,41.147924,143.6 14.790406,41.147926,143.6 14.790464,41.147929,143.6 14.79055,41.147932,143.6 14.790688,41.14794,143.8 14.790758,41.147947,143.8 14.790814,41.147949,143.8 14.790897,41.147953,144 14.790955,41.147957,144 14.791027,41.147961,144 14.791112,41.147964,144 14.791183,41.147968,144 14.79124,41.14797,144.2 14.791323,41.147974,144.2 14.791379,41.147978,144.4 14.791464,41.147982,144.4 14.791535,41.147988,144.4 14.791593,41.147992,144.6 14.791681,41.147996,144.6 14.791755,41.147998,144.6 14.791812,41.148001,144.6 14.7919,41.148005,144.6 14.791973,41.148011,144.8 14.792032,41.148015,144.8 14.792125,41.148025,144.8 14.792189,41.148032,144.8 14.792266,41.148037,144.8 14.792341,41.148038,144.8 14.792433,41.148039,144.8 14.79251,41.148038,145 14.792586,41.14804,145 14.792663,41.148047,145 14.792724,41.148054,145 14.792814,41.148059,145 14.792887,41.148064,145 14.792945,41.148065,145 14.793016,41.148064,145 14.793163,41.148072,145 14.793237,41.148073,145 14.793325,41.148075,145 14.793383,41.148074,145.2 14.793472,41.148077,145.2 14.793548,41.148081,145.2 14.793607,41.148084,145.4 14.793682,41.148089,145.8 14.793772,41.148094,145.6 14.793835,41.148099,145.6 14.793926,41.148103,146 14.793985,41.148104,146.2 14.79406,41.148105,146.2 14.794152,41.148108,146.2 14.794211,41.148108,146.2 14.794286,41.148109,146.2 14.794359,41.148113,146.2 14.794433,41.148119,146.2 14.794504,41.148121,146.4 14.794591,41.148124,146.4 14.794649,41.148131,146.4 14.794738,41.148141,146.4 14.794815,41.14815,146.4 14.794872,41.148152,146.4 14.794962,41.148156,146.4 14.79502,41.148157,146.4 14.795094,41.148163,146.4 14.795184,41.148172,146.4 14.795243,41.148178,146.4 14.795315,41.148181,146.4 14.795404,41.148185,146.4 14.795464,41.148189,146.4 14.795539,41.148192,146.4 14.795614,41.148194,146.6 14.795689,41.148198,146.6 14.795763,41.1482,146.8 14.795851,41.148204,146.8 14.795925,41.148207,146.8 14.795998,41.148211,147 14.796057,41.148217,147 14.796129,41.148222,147 14.796217,41.148225,147 14.79629,41.148229,147.2 14.796362,41.148231,147.2 14.796422,41.148235,147.2 14.796508,41.148243,147.4 14.796654,41.148251,147.4 14.796713,41.148248,147.4 14.796786,41.148245,147.6 14.796875,41.148244,147.6 14.796938,41.148242,147.6 14.797016,41.148239,147.6 14.797095,41.148235,147.6 14.797172,41.148231,147.8 14.797262,41.14823,147.8 14.797335,41.148232,147.8 14.79739,41.148232,147.8 14.797456,41.14823,147.8 14.797534,41.148231,147.8 14.797585,41.14823,147.8 14.797669,41.148231,148 14.797735,41.14823,148 14.797788,41.148231,148 14.797854,41.14824,148 14.797932,41.148253,148 14.797987,41.148258,148 14.798059,41.148258,148.2 14.798131,41.148254,148.4 14.798203,41.148247,148.4 14.798272,41.148241,148.4 14.798338,41.148238,148.6 14.798481,41.148227,148.6 14.798534,41.148221,148.6 14.798587,41.148213,148.8 14.798656,41.148202,148.8 14.798728,41.148192,148.8 14.798819,41.148183,148.8 14.798893,41.148169,148.8 14.798971,41.148153,149 14.799144,41.148122,149.2 14.799205,41.14811,149.4 14.799295,41.148092,149.4 14.799367,41.148078,149.4 14.799423,41.148065,149.4 14.799564,41.148027,149.6 14.799626,41.14801,149.6 14.79969,41.147992,149.6 14.799741,41.147977,149.6 14.799803,41.14796,149.6 14.799877,41.147938,149.6 14.79994,41.147918,149.8 14.79999,41.147903,149.8 14.800056,41.147885,150 14.800119,41.147868,150.2 14.800193,41.147846,150.2 14.800252,41.147823,150.2 14.800301,41.147803,150.4 14.800366,41.147782,150.4 14.800443,41.147757,150.4 14.800507,41.147734,150.4 14.80056,41.147716,150.4 14.800636,41.147687,150.4 14.8007,41.147662,150.6 14.800751,41.14764,150.6 14.800811,41.147611,150.6 14.800885,41.147579,150.8 14.800935,41.14756,150.8 14.800998,41.147537,150.8 14.801074,41.147507,150.8 14.801137,41.147483,150.6 14.801201,41.147457,150.8 14.801265,41.147432,150.8 14.801328,41.147411,150.8 14.80138,41.147394,150.8 14.801443,41.147374,150.8 14.80152,41.147347,150.8 14.801581,41.147323,150.8 14.801643,41.147301,150.8 14.801767,41.147255,150.8 14.801894,41.14721,150.8 14.801954,41.147185,150.8 14.802004,41.147164,150.8 14.802149,41.14711,150.8 14.802212,41.147087,150.8 14.802268,41.147067,150.8 14.802326,41.147042,150.8 14.802389,41.147023,150.8 14.802452,41.147001,150.8 14.802504,41.146984,150.8 14.802568,41.14696,150.8 14.802644,41.146933,150.8 14.802709,41.146914,150.8 14.802762,41.146897,150.8 14.802825,41.146877,150.8 14.802902,41.146853,151 14.802965,41.146836,151 14.803017,41.14682,151 14.803081,41.146803,151 14.803158,41.146782,151 14.803223,41.146763,151 14.803287,41.146742,151 14.803337,41.146728,151 14.803416,41.146708,151 14.803484,41.146692,151 14.803552,41.146673,151.2 14.803607,41.146663,151.2 14.803691,41.146645,151.2 14.803834,41.146618,151.2 14.803903,41.146604,151.2 14.803972,41.146594,151.2 14.804102,41.146576,151.2 14.804173,41.146563,151.2 14.804246,41.146552,151.2 14.804313,41.146538,151.2 14.804387,41.146536,151.2 14.80446,41.146536,151.2 14.804519,41.146538,151.2 14.804619,41.146535,151.2 14.804675,41.146534,151.2 14.804749,41.146531,151.2 14.804835,41.146526,151.2 14.804907,41.146524,151.2 14.804967,41.146524,151.2 14.805057,41.146526,151.4 14.805124,41.146528,151.4 14.805169,41.14653,151.4 14.805229,41.146537,151.2 14.805262,41.146555,151.2 14.805278,41.14658,151.2 14.80528,41.146612,151.2 14.805273,41.146644,151.2 14.80526,41.14668,151.2 14.805248,41.146714,151.2 14.805236,41.146745,151.2 14.805227,41.146776,151.2 14.805217,41.146807,151.2 14.805209,41.146837,151.2 14.805201,41.146866,151.2 14.805195,41.146896,151.2 14.80519,41.146926,151.2 14.805181,41.146957,151.4 14.805173,41.146995,151.6 14.805169,41.147022,151.8 14.80516,41.147061,152.2 14.805152,41.147093,152.4 14.805126,41.147157,152.8 14.805111,41.147189,153 14.805098,41.147224,153.2 14.805088,41.147257,153.6 14.805079,41.147291,153.8 14.805071,41.147318,154 14.80506,41.14735,154.2 14.805051,41.147379,154.4 14.805042,41.147407,154.4 14.805036,41.147437,154.6 14.805032,41.147466,154.8 14.805029,41.147494,155 14.805027,41.147524,155.2 14.805026,41.147555,155.4 14.805024,41.147586,155.6 14.805023,41.147626,155.8 14.805025,41.147652,156 14.805026,41.147686,156.4 14.805027,41.147729,156.4 14.805019,41.14776,156.4 14.805011,41.147785,156.6 14.804999,41.147815,156.8 14.804982,41.147853,157 14.804966,41.147875,157.2 14.804942,41.147904,157.4 14.804915,41.147929,157.4 14.804886,41.147952,157.6 14.804856,41.147972,157.8 14.804824,41.147992,158 14.804789,41.148009,158.2 14.80475,41.148024,158.6 14.804708,41.148035,158.8 14.804656,41.148042,159 14.804619,41.148048,159.4 14.804574,41.148051,159.8 14.804529,41.148053,160.2 14.804483,41.148052,160.4 14.804439,41.148048,160.8 14.804386,41.148041,161 14.804295,41.148022,161.4 14.804256,41.148016,161.6 14.804208,41.148009,161.8 14.80415,41.147997,161.8 14.804113,41.147988,162 14.804066,41.14798,162.4 14.804011,41.147971,162.6 14.803972,41.147963,162.8 14.803925,41.147955,163.2 14.803868,41.147947,163.4 14.803783,41.147931,164 14.803734,41.147921,164.2 14.803685,41.147912,164.6 14.803637,41.147905,164.8 14.803589,41.147895,165.2 14.803534,41.147888,165.4 14.803496,41.147885,165.6 14.803449,41.147884,166 14.803397,41.147893,166.4 14.803366,41.147908,166.6 14.803333,41.147931,167 14.803306,41.147963,167.4 14.803284,41.147996,167.6 14.80326,41.148035,168 14.803246,41.148063,168.4 14.803208,41.148129,169.4 14.803184,41.148169,169.4 14.80317,41.148197,170 14.803151,41.148231,170.4 14.803132,41.148263,170.8 14.803111,41.148297,171.2 14.803092,41.148329,171.6 14.803074,41.148362,171.8 14.803055,41.148394,172 14.803035,41.148425,172.2 14.803016,41.148457,172.6 14.802996,41.148488,172.8 14.802975,41.14852,173 14.802958,41.148552,173.4 14.802941,41.148586,173.6 14.802927,41.148617,173.8 14.802917,41.148645,174 14.802909,41.148669,174.4 14.802908,41.148692,174.8 14.802914,41.148711,175 14.802926,41.148729,175.4 14.802946,41.148745,175.6 14.802972,41.148761,175.8 14.802998,41.148784,176.2 14.803024,41.148814,176.4 14.803083,41.148877,176.6 14.803115,41.148911,176.6 14.803148,41.148947,176.6 14.80318,41.148986,176.6 14.803202,41.149022,176.6 14.803214,41.149062,176.6 14.803208,41.149101,176.6 14.803188,41.149136,176.6 14.803159,41.149168,176.6 14.803127,41.149198,176.6 14.803095,41.149229,176.6 14.803066,41.14926,176.6 14.803038,41.149292,176.6 14.803009,41.149323,176.6 14.802979,41.149354,176.6 14.802923,41.149416,176.6 14.802867,41.149476,176.6 14.802837,41.149506,176.6 14.802779,41.149566,177.2 14.802751,41.1496,177.2 14.802727,41.149633,177.6 14.802699,41.149666,177.6 14.802669,41.1497,177.8 14.80264,41.149735,178 14.80258,41.149801,178.6 14.80255,41.149833,178.8 14.802523,41.149863,179 14.802495,41.149897,179.2 14.802469,41.14993,179.4 14.802442,41.149962,179.6 14.802417,41.14999,179.8 14.802393,41.150015,180 14.802374,41.150034,180.4 14.802368,41.150051,180.4 14.802374,41.150068,180.8 14.802386,41.150086,181 14.802403,41.150105,181.2 14.802425,41.15012,181.4 14.802461,41.15015,181.8 14.802482,41.150166,182.2 14.802504,41.15018,182.4 14.802529,41.1502,182.8 14.802553,41.150221,182.8 14.802578,41.150244,182.8 14.802606,41.150265,183 14.802634,41.150285,183 14.802662,41.150302,183 14.80269,41.150321,183 14.80272,41.15034,183 14.802757,41.150357,183 14.802794,41.150376,183 14.802832,41.150396,183 14.80287,41.150415,183 14.802911,41.150435,183 14.802954,41.150454,183 14.80304,41.150491,183 14.803124,41.150523,183 14.803165,41.150538,183 14.803204,41.150553,182.8 14.803244,41.150566,182.8 14.803316,41.150592,182.8 14.803357,41.150603,182.8 14.803399,41.150614,182.6 14.803442,41.150626,182.6 14.803484,41.15064,182.6 14.803527,41.150653,182.6 14.803569,41.150669,182.6 14.803614,41.150684,182.6 14.803661,41.150696,182.6 14.803713,41.15071,182.6 14.803766,41.150722,182.6 14.803822,41.150739,182.6 14.803879,41.150758,182.6 14.804006,41.150797,182.4 14.804075,41.150817,182.2 14.804147,41.150838,182.2 14.804221,41.150862,182 14.804299,41.150882,181.8 14.804379,41.1509,181.6 14.804462,41.15092,181.2 14.804545,41.150939,181 14.804631,41.150962,180.8 14.804715,41.150987,180.4 14.804795,41.151016,180 14.804868,41.151049,179.8 14.804933,41.151088,179.4 14.804987,41.151132,179 14.805024,41.151176,178.6 14.805049,41.15122,178.6 14.805071,41.151265,178.6 14.805091,41.151302,178.4 14.805109,41.151338,178.4 14.805128,41.151373,178.4 14.805148,41.151409,178.4 14.80517,41.151446,178.4 14.805192,41.151479,178.4 14.805216,41.151517,178.4 14.805248,41.151554,178.4 14.805285,41.151587,178.4 14.805327,41.151618,178.4 14.805372,41.151649,178.6 14.805421,41.151677,179 14.805475,41.151703,179.2 14.805535,41.151729,179.6 14.8056,41.151754,179.8 14.805669,41.15178,179.8 14.805741,41.151804,179.8 14.805818,41.151828,179.8 14.805895,41.151851,180 14.805973,41.151875,180 14.806127,41.151919,180 14.806204,41.151939,180 14.806281,41.151962,180 14.806358,41.151986,179.8 14.806436,41.152009,179.6 14.806515,41.152032,179.2 14.806597,41.152055,179 14.80668,41.152078,178.6 14.806763,41.152102,178.2 14.806847,41.152125,178 14.806931,41.152149,177.6 14.807012,41.152171,177.4 14.807092,41.152195,177 14.807171,41.152218,176.8 14.807254,41.15224,176.6 14.807337,41.152264,176.6 14.807439,41.152299,176.4 14.807784,41.152437,176 14.807881,41.152474,176 14.807981,41.152512,176 14.808082,41.15255,175.8 14.808181,41.152588,175.6 14.808279,41.152621,175.6 14.808381,41.152647,175.6 14.808486,41.152663,175.2 14.808592,41.152668,175 14.808693,41.15265,174.4 14.808786,41.152615,174 14.808873,41.152567,173.6 14.80896,41.15252,173.2 14.809049,41.152474,172.8 14.809141,41.152429,172.4 14.809232,41.152385,172.2 14.80932,41.152339,172 14.809492,41.152256,171.6 14.809576,41.152217,171.4 14.80966,41.152176,171 14.809741,41.152137,170.6 14.809819,41.152101,170 14.809899,41.152065,169.6 14.810053,41.151986,169.2 14.810132,41.151945,169 14.81021,41.151905,169 14.81029,41.15187,169 14.81037,41.151832,169 14.81045,41.151793,169 14.81053,41.151756,169 14.810608,41.151716,169 14.810686,41.151677,169 14.810766,41.151639,169 14.810844,41.1516,169.2 14.810921,41.151561,169.2 14.811,41.151522,169.2 14.811079,41.151485,169.2 14.811158,41.151446,169.2 14.811238,41.151406,169.2 14.811318,41.151369,169.2 14.811399,41.151331,169.2 14.811482,41.151293,169.2 14.811581,41.151253,169.2 14.811643,41.151223,169.2 14.811723,41.151183,169 14.811808,41.151143,169 14.811897,41.151104,169 14.811992,41.151066,169 14.812092,41.151022,168.8 14.812196,41.150974,168.8 14.812303,41.150921,168.8 14.812411,41.150862,168.6 14.812523,41.150795,168.6 14.812622,41.150716,168.4 14.812712,41.150624,168.2 14.812797,41.150522,167.8 14.812881,41.150416,167.6 14.812965,41.150307,167.2 14.813051,41.150194,166.8 14.813143,41.150083,166.2 14.81324,41.14997,165.6 14.813333,41.149853,164.6 14.813425,41.149734,163.6 14.813522,41.149613,162.2 14.813622,41.149493,160.6 14.813719,41.149379,159 14.81382,41.149273,157.4 14.813925,41.149174,156 14.814048,41.149093,154.8 14.81419,41.149034,153.2 14.814345,41.149016,151.6 14.814494,41.149017,149.8 14.814634,41.149031,148 14.814759,41.149051,146.2 14.814873,41.149069,144.4 14.814975,41.149085,143.6 14.815069,41.1491,143.2 14.815155,41.149116,143.2 14.815238,41.149134,143 14.815315,41.149151,142.8 14.815389,41.149168,142.8 14.815462,41.149184,142.8 14.815532,41.149199,142.8 14.815599,41.149214,142.8 14.815666,41.149231,142.8 14.815733,41.149249,143.2 14.815801,41.149267,143.6 14.815868,41.149282,144.2 14.815931,41.1493,144.8 14.815994,41.149319,145.4 14.816056,41.149331,145.8 14.81612,41.149346,146.4 14.816187,41.149364,146.8 14.816252,41.149382,147.4 14.816316,41.1494,147.6 14.816395,41.149418,147.8 14.816448,41.149428,148.4 14.816517,41.149442,148.4 14.816584,41.149458,148.8 14.816649,41.149475,149 14.816714,41.149491,149.2 14.816784,41.149506,149.2 14.816852,41.149522,149.2 14.816917,41.149541,149.2 14.816982,41.149558,149.4 14.817047,41.149574,149.4 14.81711,41.149592,149.4 14.817176,41.149607,149.4 14.817306,41.149641,149.4 14.817368,41.149657,149.4 14.817432,41.149671,149.6 14.817494,41.149688,149.6 14.817568,41.14971,149.6 14.817681,41.149741,149.8 14.817747,41.149753,150 14.817812,41.149769,150 14.817876,41.149786,150.2 14.817938,41.149805,150.2 14.818013,41.149827,150.4 14.818063,41.149843,150.4 14.818126,41.149864,150.4 14.818201,41.149888,150.6 14.818251,41.149905,150.8 14.818311,41.149925,150.8 14.818427,41.149963,151 14.818484,41.149986,151 14.818546,41.150019,151.2 14.818591,41.150048,151.4 14.818619,41.150074,151.6 14.818658,41.150113,151.6 14.818687,41.150149,151.8 14.818711,41.150174,151.8 14.818746,41.150213,152 14.818768,41.150234,152 14.818792,41.150261,152.2 14.818815,41.150289,152.2 14.818839,41.150317,152.4 14.818861,41.150347,152.4 14.818908,41.150402,152.8 14.81893,41.150428,153 14.818954,41.150448,153.2 14.818974,41.150467,153.4 14.818995,41.150492,153.8 14.81904,41.150537,154.4 14.819062,41.150563,154.8 14.81909,41.150595,155.2 14.819108,41.150613,155.2 14.819131,41.150637,155.4 14.819159,41.150665,155.8 14.819175,41.150685,156.4 14.819195,41.150711,156.8 14.819218,41.150733,157.2 14.819244,41.150754,157.6 14.819266,41.150776,158 14.819285,41.150801,158.4 14.819306,41.150825,158.6 14.819329,41.15085,159 14.819353,41.150874,159.2 14.819378,41.150896,159.6 14.819402,41.150919,160 14.819426,41.150941,160.2 14.81945,41.150962,160.6 14.819474,41.150982,160.8 14.8195,41.150999,161.2 14.81953,41.151023,161.6 14.819549,41.15104,162 14.81958,41.151066,162.2 14.819603,41.151083,162.6 14.819627,41.151099,163 14.81966,41.151117,163.4 14.8197,41.15114,163.6 14.819736,41.151157,163.6 14.819774,41.151172,164.2 14.819812,41.151188,164.4 14.819852,41.151206,164.6 14.819939,41.151239,165.2 14.819985,41.151255,165.6 14.820075,41.151285,166.2 14.820127,41.151301,166.4 14.820161,41.151311,166.6 14.820202,41.151325,166.8 14.820241,41.151339,167 14.820281,41.151352,167 14.820323,41.151365,167.2 14.820365,41.151379,167.2 14.820408,41.151394,167.4 14.820486,41.151419,167.6 14.820627,41.151466,167.8 14.820671,41.15148,167.8 14.820714,41.151492,167.8 14.820758,41.151506,168 14.820803,41.15152,168 14.820856,41.151537,168 14.820891,41.15155,168 14.820935,41.151564,168 14.820988,41.151582,168.2 14.821024,41.151595,168.2 14.821069,41.151612,168.2 14.821114,41.15163,168.4 14.821204,41.151668,168.4 14.821258,41.151691,168.6 14.821293,41.151708,168.6 14.821337,41.151727,168.8 14.821391,41.15175,168.8 14.82143,41.151766,168.8 14.821531,41.151811,169 14.821567,41.151826,169 14.821613,41.151844,169 14.821659,41.151863,169 14.821703,41.151881,169.2 14.821748,41.151901,169.2 14.821794,41.151919,169.2 14.821841,41.151936,169.2 14.821931,41.151972,169.2 14.821973,41.151991,169.2 14.822017,41.152012,169.4 14.822059,41.15203,169.4 14.822101,41.152047,169.4 14.822145,41.152065,169.4 14.822187,41.152087,169.6 14.822275,41.152127,169.6 14.822329,41.152152,170 14.822367,41.152168,170 14.822414,41.152187,170.2 14.82246,41.152204,170.4 14.822506,41.152222,170.6 14.822552,41.152239,170.8 14.822607,41.152259,170.8 14.822644,41.152274,171 14.82269,41.152291,171 14.822736,41.152309,171 14.822781,41.152327,171 14.822872,41.152358,171.4 14.822918,41.152374,171.4 14.822963,41.15239,171.6 14.823015,41.15241,171.6 14.823051,41.152425,171.6 14.823097,41.152441,171.8 14.823142,41.152458,172 14.823188,41.152475,172 14.823282,41.152511,172.6 14.823327,41.15253,172.6 14.823372,41.152548,172.8 14.823426,41.15257,173 14.823466,41.152582,173.2 14.823512,41.152599,173.4 14.823559,41.152617,173.8 14.823605,41.152635,174 14.823653,41.152652,174.2 14.823701,41.152671,174.4 14.82375,41.15269,174.6 14.823798,41.152707,174.8 14.823847,41.152723,175 14.823895,41.15274,175.2 14.823941,41.152758,175.4 14.824035,41.152792,175.6 14.824081,41.152809,175.8 14.824172,41.152847,176 14.824268,41.152883,176.4 14.824326,41.152902,176.6 14.824412,41.152927,176.8 14.824471,41.152945,177.2 14.824513,41.152955,177.2 14.824566,41.152967,177.4 14.824629,41.152976,177.6 14.824669,41.15298,177.6 14.824723,41.152987,177.8 14.824779,41.152992,178 14.824886,41.153002,178.4 14.82494,41.153008,178.4 14.824993,41.153012,178.4 14.825046,41.153015,178.6 14.82511,41.153018,178.6 14.825153,41.153018,178.6 14.825266,41.153024,178.8 14.825324,41.15303,178.8 14.825383,41.153038,178.8 14.825439,41.153048,178.8 14.825494,41.15306,178.8 14.825548,41.153077,178.8 14.825599,41.153095,178.8 14.825648,41.153115,178.8 14.825697,41.153136,178.8 14.825743,41.153159,179 14.825787,41.153184,179 14.825827,41.15321,179 14.825863,41.153233,179 14.825895,41.153257,179 14.825925,41.15328,179.2 14.825981,41.153326,179.2 14.826005,41.153349,179.2 14.826039,41.153377,179.4 14.826065,41.153398,179.4 14.826099,41.153425,179.4 14.826138,41.153457,179.6 14.826166,41.153479,179.6 14.8262,41.153507,179.6 14.82624,41.153539,179.6 14.826267,41.153558,179.6 14.8263,41.153582,179.6 14.826331,41.153604,179.6 14.826359,41.153621,179.6 14.826389,41.153632,179.6 14.826427,41.153636,179.6 14.826468,41.153631,179.6 14.82651,41.153619,179.6 14.826557,41.15361,179.6 14.826611,41.153601,179.6 14.826668,41.153589,179.6 14.826729,41.153576,179.6 14.826788,41.153564,179.4 14.826846,41.153555,179.4 14.826908,41.153548,179.4 14.826977,41.153537,179.2 14.827018,41.153531,179 14.827061,41.153525,178.8 14.82709,41.15352,178.6 14.827102,41.15352,178.4 14.827101,41.153517,178 14.827114,41.153512,177.6 14.827136,41.153501,177.4 14.827167,41.153488,177 14.827209,41.153475,176.8 14.82726,41.153459,176.4 14.827328,41.153441,176.2 14.827392,41.153426,176.2 14.82745,41.153416,176.2 14.827522,41.153404,176.2 14.827594,41.15339,176 14.827668,41.153372,176 14.827745,41.153355,175.8 14.827827,41.153338,175.4 14.827914,41.153314,175.2 14.828005,41.153284,174.8 14.8281,41.153244,174.2 14.8282,41.153199,173.8 14.828406,41.153097,172.6 14.828515,41.15304,172 14.828626,41.152976,171.4 14.828737,41.152905,170.8 14.828845,41.152826,170.2 14.828949,41.152739,169.4 14.829048,41.152648,168.6 14.829141,41.15255,167.6 14.829228,41.152449,166.6 14.829315,41.152347,165.6 14.829402,41.152241,164.6 14.82949,41.152133,163.2 14.82958,41.152026,162 14.829674,41.151916,160.4 14.829776,41.15181,160.4 14.829887,41.151707,158.8 14.830004,41.151608,157.4 14.830134,41.151517,156 14.830272,41.151433,154.6 14.830417,41.151357,153.4 14.830566,41.151285,152.2 14.830747,41.151201,150.6 14.830866,41.151149,149.2 14.831014,41.151085,147.8 14.83116,41.151021,146.4 14.831306,41.150962,145.2 14.831446,41.150906,143.8 14.831583,41.150852,142.6 14.831714,41.150798,141.6 14.831839,41.150747,140.4 14.831958,41.150701,139.6 14.832072,41.150656,138.8 14.832181,41.150608,138.2 14.832284,41.150564,138 14.832382,41.150522,137.8 14.832473,41.150477,137.8 14.832564,41.150438,137.6 14.832653,41.1504,137.6 14.832743,41.150365,137.6 14.832829,41.150328,137.6 14.832916,41.150293,137.6 14.833002,41.15026,137.6 14.833082,41.150228,137.6 14.833178,41.15019,137.6 14.833242,41.150166,137.8 14.833381,41.15011,138 14.833543,41.150039,138.2 14.833616,41.150011,138.2 14.833682,41.149985,138.2 14.833748,41.149958,138.2 14.833811,41.149932,138.4 14.83387,41.149907,138.4 14.833929,41.149887,138.6 14.833986,41.149868,138.6 14.83404,41.149848,138.8 14.834081,41.149832,138.8 14.834183,41.149798,139.4 14.83428,41.149765,140.2 14.834326,41.149747,140.6 14.834372,41.149731,140.6 14.834419,41.149713,141 14.834464,41.149695,141.4 14.834522,41.149676,141.8 14.834571,41.149661,142.2 14.83462,41.149645,142.4 14.834668,41.149627,142.8 14.834713,41.149609,143 14.834761,41.149595,143.4 14.834814,41.149577,143.8 14.834846,41.149563,144 14.834886,41.149545,144.4 14.834929,41.149526,144.6 14.834974,41.14951,144.8 14.83502,41.149492,145 14.835065,41.149473,145.2 14.835111,41.149453,145.4 14.83516,41.149435,145.6 14.83521,41.149419,146 14.835259,41.1494,146.2 14.835307,41.149379,146.4 14.835454,41.149319,146.6 14.835501,41.149295,146.6 14.835551,41.149272,146.6 14.8356,41.149248,146.8 14.83565,41.149226,146.8 14.835699,41.149202,146.8 14.835747,41.149177,146.8 14.835793,41.149151,146.8 14.835838,41.149123,147 14.835883,41.149094,147 14.835928,41.149062,147 14.835972,41.14903,147 14.836012,41.148997,147.2 14.836052,41.148965,147.2 14.83609,41.148931,147.2 14.83613,41.148896,147.4 14.836165,41.148861,147.4 14.836198,41.148824,147.4 14.836233,41.148786,147.4 14.836304,41.148715,147.6 14.83634,41.148678,147.8 14.836384,41.148632,147.8 14.836411,41.148601,147.8 14.836448,41.148564,147.8 14.836488,41.148529,147.8 14.836528,41.148496,148 14.836571,41.148462,148 14.836614,41.148431,148.4 14.836658,41.1484,148.2 14.836702,41.148371,148.4 14.836749,41.148341,148.6 14.836797,41.148313,148.6 14.836848,41.148286,148.6 14.836896,41.148259,148.6 14.836944,41.148233,148.6 14.836995,41.148207,148.6 14.837046,41.148183,148.6 14.8371,41.14816,148.8 14.837155,41.148138,148.8 14.83721,41.148115,148.8 14.837263,41.148092,148.8 14.837317,41.148068,148.8 14.837368,41.148043,149 14.837421,41.148019,149 14.837475,41.147997,149 14.83753,41.147976,149.2 14.837582,41.147953,149.2 14.837633,41.14793,149.2 14.837684,41.147904,149.4 14.837735,41.147879,149.4 14.837788,41.147856,149.4 14.837838,41.147834,149.4 14.837886,41.147812,149.4 14.837935,41.147789,149.6 14.837982,41.147766,149.6 14.838029,41.147746,149.6 14.838076,41.147725,149.8 14.838126,41.147705,149.8 14.838175,41.147686,150 14.838223,41.147665,150.2 14.838267,41.147648,150.2 14.838315,41.147631,150.4 14.838358,41.147613,150.6 14.8384,41.147595,150.6 14.838443,41.147576,150.8 14.838485,41.147555,151 14.838528,41.147535,151.2 14.838571,41.147514,151.4 14.838616,41.147494,151.6 14.838663,41.147477,152 14.838709,41.14746,152.2 14.838752,41.14744,152.4 14.838803,41.147415,152.8 14.838836,41.147402,152.8 14.838878,41.147383,153 14.838921,41.147365,153.2 14.83897,41.147345,153.4 14.839002,41.14733,153.6 14.839041,41.14731,153.8 14.839123,41.147278,154.2 14.839174,41.147259,154.6 14.839208,41.147246,155 14.839249,41.147229,155.2 14.83929,41.147211,155.4 14.83933,41.147188,155.6 14.839368,41.147167,156 14.839408,41.147147,156.2 14.839448,41.147129,156.4 14.839489,41.14711,156.6 14.839528,41.147091,156.8 14.839568,41.147071,157 14.839609,41.147054,157.4 14.839649,41.147038,157.8 14.83969,41.147023,158 14.839726,41.147004,158.2 14.839767,41.146989,158.4 14.839808,41.146972,158.8 14.83985,41.146957,158.8 14.83989,41.146941,159 14.84001,41.14689,159.6 14.840049,41.146875,160 14.84009,41.14686,160.2 14.84013,41.146845,160.4 14.84021,41.146808,160.8 14.84025,41.146789,161 14.840288,41.14677,161.2 14.840326,41.146752,161.4 14.840364,41.146731,161.8 14.840404,41.146713,162 14.840443,41.146695,162.4 14.840481,41.146681,162.6 14.840557,41.146661,163 14.840596,41.146645,163.2 14.840668,41.146607,163.6 14.840706,41.146588,164 14.840744,41.14657,164.2 14.840824,41.146536,164.4 14.840866,41.14652,164.6 14.840906,41.146502,164.8 14.840946,41.146486,165 14.840983,41.14647,165.2 14.84102,41.146451,165.4 14.841062,41.146434,165.6 14.841146,41.146398,166 14.841188,41.146377,166.2 14.841233,41.146357,166.4 14.841276,41.146336,166.6 14.841315,41.146319,166.6 14.841352,41.146304,166.8 14.841392,41.14629,167 14.841432,41.146275,167.2 14.841472,41.146259,167.4 14.841512,41.146248,167.6 14.841552,41.146231,167.6 14.841591,41.146213,167.6 14.841629,41.146193,167.8 14.841709,41.146156,168.2 14.84175,41.146139,168.2 14.841828,41.146103,168.4 14.841868,41.146088,168.6 14.841906,41.146077,168.8 14.84194,41.146068,168.8 14.841973,41.146056,169 14.842005,41.146042,169.2 14.842075,41.146005,169.4 14.842112,41.145985,169.4 14.842154,41.145967,169.6 14.842194,41.145949,169.6 14.842234,41.145934,169.8 14.842273,41.145919,169.8 14.842313,41.145905,170 14.842352,41.14589,170 14.842392,41.145874,170.2 14.842434,41.145859,170.2 14.842471,41.145843,170.2 14.842512,41.145826,170.2 14.842556,41.145809,170.4 14.842597,41.145791,170.4 14.842636,41.145775,170.6 14.842677,41.145761,170.6 14.842718,41.145744,170.6 14.842758,41.145727,170.8 14.84279,41.145711,170.8 14.842831,41.145693,171 14.842873,41.145676,171 14.842925,41.145652,171 14.842966,41.145631,171 14.843008,41.145611,171.2 14.843041,41.145598,171.2 14.843095,41.145577,171.4 14.84314,41.145557,171.6 14.843186,41.145538,171.6 14.843231,41.14552,171.8 14.843274,41.145504,172 14.843319,41.14549,172 14.843366,41.145472,172.2 14.843414,41.145453,172.2 14.84346,41.145433,172.4 14.843503,41.145414,172.4 14.843546,41.145397,172.4 14.843591,41.145378,172.6 14.843636,41.145357,172.6 14.843672,41.14534,172.8 14.843727,41.145315,172.8 14.843777,41.145295,172.8 14.843828,41.145275,172.8 14.843877,41.145254,172.8 14.843924,41.145233,172.8 14.843974,41.145213,173 14.844025,41.145194,173.2 14.844078,41.145172,173.4 14.844131,41.145151,173.4 14.844171,41.145134,173.4 14.844224,41.145111,173.6 14.844288,41.145087,173.6 14.844343,41.145064,173.6 14.844397,41.145038,173.6 14.844452,41.145012,173.6 14.844507,41.144989,173.6 14.844562,41.144965,173.6 14.844618,41.14494,173.6 14.844672,41.144918,173.6 14.844722,41.144896,173.6 14.844774,41.144877,173.6 14.844836,41.144854,173.6 14.844874,41.144838,173.6 14.844925,41.144816,173.6 14.844978,41.144792,173.4 14.845035,41.144773,173.4 14.845093,41.144751,173.4 14.84515,41.144728,173.4 14.845208,41.144702,173.4 14.845268,41.144674,173.4 14.845328,41.144642,173.2 14.845391,41.144611,173.2 14.845455,41.144583,173.2 14.845522,41.144553,173 14.845604,41.14452,172.8 14.845659,41.144498,172.8 14.845726,41.144473,172.8 14.845794,41.144439,172.6 14.845859,41.144407,172.6 14.845985,41.144342,172.4 14.84605,41.144314,172.2 14.846118,41.144289,172 14.846186,41.144265,172 14.846252,41.144239,172 14.846316,41.144209,172 14.846381,41.144178,171.8 14.846448,41.144153,171.6 14.846512,41.144128,171.6 14.846576,41.144101,171.6 14.846641,41.144074,171.4 14.846705,41.144046,171.4 14.84677,41.14402,171.4 14.846834,41.144,171.2 14.84689,41.143984,171.2 14.84694,41.143965,171.2 14.846986,41.143946,171 14.847031,41.143925,171 14.847079,41.143904,170.8 14.847175,41.14387,170.6 14.847228,41.143848,170.4 14.847283,41.143824,170.4 14.847395,41.143776,170.2 14.847452,41.143753,170.2 14.84751,41.143731,170.2 14.847568,41.143711,170 14.847627,41.143692,170 14.847688,41.143675,169.8 14.847748,41.143662,169.8 14.847811,41.143654,169.6 14.847875,41.143651,169.6 14.847941,41.143652,169.6 14.848005,41.143661,169.4 14.848066,41.143676,169.4 14.848127,41.143697,169.4 14.84818,41.143723,169.2 14.848229,41.143756,169.2 14.848272,41.143792,169.2 14.848309,41.143831,169.2 14.848339,41.143874,169.2 14.84836,41.143917,169 14.848374,41.143963,168.8 14.84838,41.144009,168.8 14.848375,41.144055,168.6 14.848363,41.144101,168.4 14.848344,41.144141,168.4 14.848318,41.144177,168.4 14.848287,41.144207,168.4 14.848252,41.144234,168.4 14.848215,41.144262,168.2 14.848174,41.14429,168.2 14.848128,41.144317,168.2 14.848079,41.144341,168.2 14.848027,41.144362,168.2 14.847973,41.144382,168.2 14.847919,41.1444,168.6 14.847863,41.144413,168.6 14.847808,41.144421,168.8 14.847751,41.144425,169 14.8477,41.144429,169 14.847658,41.144433,169 14.847623,41.144429,169.2 14.847618,41.14443,169.2 14.847611,41.144433,169.2 14.84761,41.144437,169.2 14.847607,41.14444,169.2 14.847593,41.144446,169.2 14.847574,41.144448,169 14.847546,41.144445,169 14.847512,41.144439,169 14.84748,41.144429,169 14.847458,41.144412,169 14.847459,41.144393,169 14.847483,41.144378,169 14.847513,41.14437,169 14.84757,41.144356,169 14.847612,41.144347,169 14.847672,41.144331,168.8 14.847741,41.144308,168.8 14.847832,41.144273,168.6 14.847909,41.144235,168.4 14.847966,41.144197,168.4 14.84808,41.144102,168 14.848134,41.144071,167.8 14.848199,41.144048,167.4 14.848245,41.144038,167 14.848315,41.144025,166.6 14.848403,41.144013,164.2 14.848433,41.14401,163.6 14.84855,41.143994,163 14.8486,41.14399,162.6 14.848677,41.143988,162.4 14.848704,41.143988,162.4 14.848742,41.143986,162.4 14.848769,41.143985,162.4 14.84881,41.143982,162.4 14.848884,41.14397,162.4 14.848924,41.143967,162.4 14.848966,41.143962,162.6 14.849007,41.143954,162.6 14.84905,41.143949,162.6 14.849093,41.143946,162.6 14.849135,41.143941,162.8 14.849181,41.143938,162.8 14.84923,41.143933,162.8 14.84928,41.143925,162.8 14.849329,41.143913,162.8 14.849383,41.143903,162.8 14.849434,41.14389,162.8 14.849487,41.143882,162.8 14.84954,41.14387,162.8 14.849596,41.143859,162.8 14.849648,41.143847,162.8 14.849697,41.143834,162.8 14.849805,41.143812,162.8 14.84986,41.143798,162.6 14.849923,41.143783,162.6 14.849963,41.143774,162.6 14.850004,41.143765,162.6 14.850066,41.14375,162.6 14.850105,41.14374,162.6 14.850162,41.143727,162.6 14.850213,41.143718,162.6 14.850265,41.143708,162.6 14.850317,41.143696,162.6 14.850366,41.143683,162.6 14.850416,41.143671,162.6 14.850465,41.14366,162.6 14.850518,41.143652,162.6 14.850566,41.143643,162.6 14.850616,41.14364,162.6 14.850673,41.143643,162.6 14.850723,41.143643,162.6 14.85077,41.143641,162.6 14.850815,41.143637,162.6 14.850859,41.143635,162.6 14.850902,41.143635,162.6 14.850941,41.143637,162.8 14.850988,41.143638,162.8 14.851026,41.143635,162.8 14.851067,41.143635,162.8 14.851107,41.143638,162.8 14.851142,41.143636,163 14.85118,41.143636,163 14.851219,41.143632,163.2 14.851251,41.143627,163.4 14.8513,41.143619,163.6 14.851338,41.143607,163.6 14.851375,41.143592,164 14.851412,41.143574,164 14.851448,41.143557,164.2 14.85148,41.143545,164.4 14.851526,41.14352,164.6 14.851559,41.143501,164.6 14.851591,41.143486,164.8 14.851624,41.143469,164.8 14.851656,41.143454,165 14.85168,41.143443,165 14.851708,41.143429,165 14.85174,41.143414,165.2 14.851773,41.143399,165.4 14.851806,41.143386,165.4 14.85184,41.143373,165.6 14.851873,41.143358,165.6 14.851941,41.143332,166 14.851975,41.143323,166 14.85201,41.143313,166.2 14.852045,41.143302,166.4 14.852087,41.14329,166.8 14.852133,41.143275,166.8 14.852182,41.143258,166.8 14.852238,41.143241,167 14.852295,41.143223,167 14.852353,41.143206,167.4 14.852409,41.143189,167.4 14.852467,41.143171,167.4 14.852524,41.143159,167.4 14.852582,41.143153,167.4 14.852639,41.143148,167.4 14.852754,41.143142,167.4 14.852811,41.143134,167 14.852859,41.143119,167 14.852893,41.143094,166.8 14.852909,41.143059,166.8 14.85291,41.143022,166.8 14.852896,41.142983,166.8 14.852869,41.142946,166.4 14.852835,41.142915,166.4 14.852799,41.14289,166.4 14.852771,41.14287,166.4 14.852739,41.142845,166.4 14.852708,41.142819,166.4 14.852619,41.142758,166.4 14.852588,41.142729,166.4 14.852553,41.142685,166.4 14.852522,41.142628,166.4 14.852504,41.142574,166.4 14.852495,41.142523,166.2 14.852491,41.14247,166.2 14.852494,41.142413,166.2 14.852503,41.142353,166.2 14.852517,41.142291,166.2 14.852536,41.142229,166 14.852557,41.14217,165.8 14.852585,41.142117,165.6 14.852615,41.142065,165.6 14.852645,41.142011,165 14.852676,41.141961,164.8 14.852708,41.141917,164.6 14.85275,41.141865,164.2 14.85278,41.141834,164.2 14.852818,41.1418,164.2 14.852865,41.141777,163.8 14.852915,41.141757,163.8 14.853015,41.141719,163.6 14.853061,41.141701,163.6 14.853105,41.141683,163.6 14.853157,41.141668,163.6 14.853187,41.141654,163.6 14.853224,41.141639,163.6 14.853261,41.141625,163.6 14.853298,41.14161,163.8 14.853335,41.141597,164.2 14.853373,41.141582,164.2 14.853413,41.141565,164.4 14.853456,41.141547,164.8 14.853536,41.141513,165.6 14.853571,41.141492,166 14.853604,41.141468,166 14.853634,41.141444,166.2 14.853658,41.141415,166.4 14.853674,41.141386,166.8 14.853675,41.141353,167 14.853678,41.141318,167.4 14.853682,41.141279,167.4 14.853685,41.141243,167.6 14.853688,41.141186,167.6 14.853689,41.141135,167.6 14.853692,41.141081,167.6 14.853699,41.141023,167.6 14.853722,41.140897,167.6 14.853733,41.140831,167.6 14.853748,41.140765,167.6 14.853771,41.140697,167.6 14.853804,41.140632,167.6 14.853839,41.140569,167.4 14.853875,41.140505,167 14.853906,41.14044,166.6 14.853933,41.14037,166 14.853973,41.140242,164.8 14.854002,41.140182,164.4 14.854044,41.140127,163.8 14.854096,41.140079,163.4 14.854168,41.140024,163 14.85422,41.139985,162.8 14.85428,41.139931,162.6 14.854337,41.139877,162.6 14.85439,41.139824,162.6 14.85444,41.139771,162.4 14.854489,41.13972,162.4 14.854536,41.139672,162.2 14.85463,41.139578,162.2 14.854675,41.139534,162.2 14.854719,41.13949,162.2 14.854761,41.139449,162.2 14.854803,41.139407,162.2 14.854839,41.139374,162.2 14.854893,41.139325,162.2 14.85494,41.139283,162.2 14.854979,41.139249,162.2 14.855025,41.139207,162.2 14.85507,41.139168,162.2 14.855113,41.13913,162.4 14.855163,41.139085,162.6 14.855212,41.139047,162.8 14.855264,41.139011,162.8 14.855313,41.138971,162.8 14.855367,41.138932,162.8 14.855422,41.138894,162.8 14.855475,41.138855,162.8 14.855527,41.138815,162.8 14.85558,41.138777,162.8 14.855636,41.138733,162.8 14.855672,41.138706,162.8 14.855716,41.138672,162.8 14.855758,41.138637,162.4 14.855802,41.138603,162.2 14.855847,41.138571,161.8 14.85589,41.138535,161.6 14.855934,41.138499,161.4 14.855978,41.138459,161.4 14.856024,41.138422,161.2 14.85607,41.138387,161.2 14.856114,41.138351,161.2 14.856164,41.138318,161 14.856211,41.138283,161 14.856255,41.138248,161 14.856297,41.138213,161 14.85634,41.138178,161 14.856383,41.138144,161 14.856435,41.138101,161 14.856466,41.138072,161 14.856509,41.138035,160.8 14.856552,41.137997,160.8 14.856597,41.137959,160.8 14.856643,41.137922,160.8 14.85669,41.137886,160.6 14.856735,41.13785,160.6 14.856777,41.137813,160.6 14.856823,41.137776,160.6 14.85687,41.13774,160.4 14.856917,41.137706,160.2 14.856963,41.137672,160.2 14.857007,41.137637,160 14.857043,41.137609,159.8 14.857097,41.137564,159.6 14.857139,41.137526,159.6 14.857183,41.137487,159.4 14.857226,41.137447,159.4 14.857263,41.137405,159.2 14.857293,41.137358,159.2 14.857313,41.137309,159.2 14.857324,41.13726,159.2 14.857326,41.13721,159.2 14.857322,41.137161,159.2 14.85732,41.137112,159.2 14.857335,41.137064,159 14.857376,41.137016,159 14.857453,41.136961,159 14.85751,41.136926,159 14.857579,41.136879,158.8 14.857646,41.136828,158.6 14.857711,41.136775,158.4 14.857775,41.136721,158.2 14.857844,41.136673,158 14.857916,41.136628,157.4 14.857994,41.136591,156.8 14.858079,41.136566,156 14.858164,41.136538,155.2 14.858246,41.13651,154.6 14.858326,41.136482,154 14.858405,41.136452,153.8 14.858482,41.136421,153.4 14.858555,41.136387,153 14.858622,41.136352,152.8 14.858685,41.136312,152.6 14.858748,41.136273,152.6 14.858816,41.136239,152.4 14.858889,41.136204,152.2 14.858971,41.136176,152 14.859058,41.136146,151.8 14.859143,41.136119,151.6 14.859229,41.136099,151.2 14.859313,41.136084,150.8 14.859394,41.136074,150.8 14.859473,41.136066,150.6 14.859549,41.136063,150.4 14.859622,41.136062,149.8 14.85969,41.136062,149.4 14.859756,41.136065,149 14.859871,41.136067,149 14.85992,41.136069,148.8 14.859959,41.136071,148.8 14.859994,41.136071,148.8 14.860027,41.13607,148.8 14.860056,41.136071,148.8 14.860119,41.136075,148.8 14.86015,41.136074,149 14.860212,41.136078,149.2 14.860245,41.136082,149.6 14.86032,41.13609,150 14.860396,41.136092,150 14.860435,41.136095,150.2 14.860476,41.136095,150.2 14.860517,41.1361,150.2 14.860559,41.136103,150.2 14.860654,41.136106,150.2 14.860693,41.136107,150.2 14.860744,41.136107,150.2 14.86081,41.136102,150.2 14.860853,41.136097,150.2 14.860905,41.136089,150.2 14.860974,41.136077,150 14.86102,41.136064,150 14.861075,41.136041,149.8 14.861133,41.136017,149.8 14.861189,41.13599,149.4 14.86124,41.13596,149.2 14.861293,41.135921,149 14.861356,41.135869,148.2 14.861383,41.135845,147.8 14.861406,41.135822,147.2 14.861435,41.135801,146.8 14.861502,41.135759,146.2 14.86154,41.135732,146.2 14.861562,41.135711,146.2 14.861589,41.135687,146 14.861617,41.135658,146 14.861649,41.135629,145.8 14.861685,41.135604,145.8 14.861724,41.135582,145.6 14.861763,41.135558,145.6 14.861801,41.135518,145.6 14.861825,41.135481,145.4 14.861849,41.135453,145.4 14.861888,41.135413,145.4 14.861913,41.135384,145.4 14.861933,41.135347,145.4 14.861947,41.135312,145.4 14.861961,41.135296,145.2 14.861989,41.135282,145.2 14.862019,41.135265,145.2 14.862047,41.135246,145.2 14.862075,41.135226,145.2 14.8621,41.135205,145 14.862129,41.135185,145 14.862159,41.135161,145 14.862191,41.135146,145 14.862222,41.13513,145 14.862254,41.135113,145 14.86232,41.135075,145 14.862355,41.13506,145 14.862389,41.135045,145 14.862425,41.13503,145 14.862465,41.135015,145 14.862514,41.134994,145 14.862545,41.134978,145 14.862587,41.134958,145 14.862629,41.134942,145.2 14.862673,41.134929,145.2 14.862715,41.134916,145.2 14.862758,41.1349,145.2 14.8628,41.134883,145.2 14.862836,41.134858,145.4 14.862877,41.134828,145.4 14.862908,41.134803,145.4 14.862936,41.134788,145.4 14.86298,41.134765,145.4 14.863012,41.134754,145.6 14.863088,41.134714,145.6 14.863138,41.134693,145.6 14.863168,41.13468,145.6 14.863201,41.134665,145.6 14.86323,41.134651,145.6 14.863256,41.13464,145.6 14.863281,41.134631,145.8 14.863309,41.134624,145.8 14.863335,41.13462,146 14.863364,41.134611,146 14.863396,41.134597,146 14.863415,41.134586,146 14.863435,41.134572,146.2 14.863458,41.134549,146.4 14.863475,41.134531,146.4 14.863507,41.134507,146.4 14.863542,41.134492,146.4 14.863574,41.134483,146.4 14.863605,41.134476,146.4 14.863634,41.134467,146.4 14.863667,41.134449,146.4 14.863694,41.134438,146.4 14.863729,41.134423,146.4 14.863769,41.134403,146.4 14.863793,41.134387,146.4 14.863822,41.134367,146.4 14.863855,41.13435,146.4 14.86389,41.134335,146.4 14.863922,41.134316,146.4 14.863957,41.134298,146.4 14.863992,41.134282,146.4 14.864028,41.134263,146.6 14.864064,41.134245,146.6 14.864101,41.134225,146.6 14.864136,41.134204,146.6 14.864172,41.134183,146.6 14.864209,41.134161,146.6 14.864247,41.134139,146.6 14.864287,41.13412,146.6 14.86433,41.134103,146.6 14.864372,41.134087,146.6 14.864411,41.134068,146.6 14.864458,41.13404,146.6 14.864487,41.134021,146.6 14.864524,41.133998,146.6 14.864561,41.133977,146.6 14.864595,41.133956,146.6 14.864634,41.133938,146.6 14.864676,41.133922,146.6 14.86472,41.133906,146.6 14.864764,41.133895,146.6 14.864809,41.133886,146.6 14.864859,41.133877,146.6 14.864908,41.13387,146.6 14.864959,41.133865,146.6 14.865008,41.133862,146.8 14.865234,41.133862,146.8 14.865268,41.133864,146.8 14.865303,41.133863,146.8 14.865327,41.133859,146.8 14.865352,41.133853,146.8 14.865405,41.133833,146.6 14.865434,41.133829,146.4 14.865472,41.133822,146.2 14.865519,41.133813,146.2 14.865554,41.133807,146 14.865596,41.133797,146 14.865648,41.133782,146 14.865681,41.133773,146 14.865729,41.133762,145.8 14.865769,41.133752,145.8 14.865802,41.133741,145.8 14.865845,41.133731,145.8 14.865887,41.13372,145.8 14.865932,41.133709,145.8 14.865972,41.133698,145.8 14.866026,41.133686,145.8 14.866064,41.133677,146 14.86611,41.133665,146 14.866156,41.133654,146.2 14.866199,41.133644,146.2 14.866244,41.133638,146.4 14.866339,41.133628,146.6 14.866389,41.133622,146.6 14.866437,41.133616,146.8 14.866489,41.133608,146.8 14.866537,41.133603,146.8 14.866584,41.133601,146.8 14.866631,41.133603,146.8 14.866691,41.133604,146.8 14.866745,41.133603,146.8 14.866786,41.133602,146.8 14.866839,41.133605,146.8 14.866893,41.133614,146.8 14.866947,41.133627,146.8 14.867004,41.13364,146.8 14.867064,41.133646,146.8 14.867137,41.133653,146.8 14.867183,41.133655,146.8 14.867242,41.133656,146.8 14.867308,41.133654,146.8 14.867351,41.133661,146.6 14.867402,41.133674,146.6 14.867448,41.133693,146.6 14.867497,41.13371,146.4 14.867543,41.133723,146.2 14.867588,41.13373,146.2 14.867632,41.133738,146.2 14.867685,41.13375,146.2 14.86772,41.133759,146.2 14.867765,41.13377,146.2 14.867818,41.133782,146.2 14.867852,41.133788,146.2 14.86789,41.133802,146.2 14.867929,41.133812,146.2 14.867969,41.13382,146.2 14.868008,41.133833,146.2 14.868046,41.13385,146.2 14.868084,41.133862,146.2 14.86812,41.133874,146.4 14.868158,41.133888,146.6 14.868195,41.1339,146.6 14.868241,41.133916,146.8 14.86827,41.133927,147 14.868306,41.13394,147.2 14.868338,41.133952,147.4 14.868382,41.133968,147.6 14.86846,41.133988,148.2 14.868497,41.134,148.2 14.868528,41.134009,148.2 14.868568,41.134023,148.4 14.868607,41.134038,148.4 14.868642,41.134052,148.2 14.868681,41.134063,148.4 14.868713,41.13408,148.6 14.868743,41.1341,148.6 14.868772,41.134116,148.6 14.868797,41.134134,148.6 14.86882,41.134151,148.6 14.868842,41.134168,148.6 14.868862,41.134186,148.6 14.868898,41.134224,148.6 14.868918,41.134248,148.6 14.868931,41.134269,148.6 14.868948,41.134299,148.6 14.868967,41.13433,148.6 14.868993,41.134357,148.6 14.869022,41.134379,148.6 14.86906,41.134403,148.6 14.869082,41.134422,148.6 14.869107,41.134444,148.6 14.869136,41.134469,148.6 14.869178,41.134502,148.6 14.869229,41.13454,148.6 14.869257,41.134562,148.6 14.869286,41.134588,148.6 14.869344,41.134644,148.6 14.869379,41.134676,148.6 14.869404,41.134696,148.6 14.869433,41.13472,148.6 14.869459,41.134747,148.6 14.86949,41.134782,148.6 14.86951,41.134808,148.6 14.869546,41.134849,148.8 14.869573,41.134879,148.8 14.869602,41.134917,148.8 14.869636,41.134954,148.8 14.869678,41.134985,148.8 14.869701,41.135003,148.8 14.869716,41.135019,148.8 14.869735,41.135041,148.8 14.869771,41.135058,148.6 14.869804,41.135064,148.4 14.869842,41.135073,148.2 14.869877,41.135092,148 14.869901,41.135111,148 14.869915,41.135131,148 14.869932,41.135154,148 14.869962,41.135191,148 14.86998,41.135212,148 14.870007,41.135235,148 14.870028,41.13525,148 14.870054,41.135268,148.2 14.870085,41.135291,148.4 14.870109,41.135307,148.4 14.870139,41.135328,148.6 14.870169,41.13535,148.8 14.870197,41.135371,148.8 14.870248,41.135412,149 14.870275,41.135435,149.2 14.870304,41.135461,149.2 14.870323,41.135479,149.4 14.870344,41.135501,149.4 14.870362,41.135526,149.4 14.870384,41.135554,149.4 14.870408,41.135581,149.4 14.870438,41.13561,149.4 14.870459,41.135623,149.4 14.870489,41.13564,149.4 14.870524,41.135658,149.4 14.870548,41.135671,149.4 14.870578,41.13569,149.4 14.870607,41.135709,149.4 14.870643,41.135736,149.4 14.870666,41.135758,149.4 14.870696,41.135787,149.4 14.870727,41.135816,149.4 14.870767,41.135843,149.4 14.870811,41.13587,149.4 14.870856,41.135899,149.4 14.870895,41.135933,149.4 14.870927,41.13597,149.4 14.870955,41.136005,149.4 14.870983,41.136041,149.4 14.871011,41.136074,149.2 14.871042,41.136104,149.2 14.871065,41.136129,149.2 14.871084,41.136157,149 14.871109,41.136184,149 14.871137,41.136212,149 14.871172,41.136243,149 14.871203,41.136267,149 14.871227,41.136283,149 14.871268,41.136307,149 14.871321,41.136343,149 14.871355,41.136363,149 14.871376,41.136378,149.2 14.871402,41.136397,149.2 14.871431,41.136416,149.4 14.87145,41.136425,149.4 14.871472,41.136439,149.6 14.871494,41.136456,149.6 14.871511,41.136466,149.6 14.871537,41.136478,149.8 14.871564,41.136493,149.8 14.871593,41.136511,149.8 14.871625,41.136525,149.8 14.871662,41.136546,149.8 14.871686,41.136561,149.8 14.871714,41.136583,149.8 14.871749,41.136607,150 14.871776,41.136623,150 14.871817,41.136639,150 14.87186,41.136651,150 14.871907,41.13666,150 14.871957,41.13667,150 14.872009,41.136679,150 14.872066,41.13669,150 14.872099,41.136701,150 14.872137,41.136717,150 14.872177,41.136743,150.2 14.872195,41.136764,150.2 14.872211,41.136792,150.2 14.872218,41.136824,150.2 14.872219,41.136859,150.2 14.872219,41.136895,150.2 14.872214,41.136935,150.2 14.872204,41.136982,150.2 14.872191,41.137033,150.2 14.872176,41.137087,150.2 14.872159,41.137142,150 14.872142,41.137199,150.2 14.872128,41.137255,150.2 14.872116,41.137313,150.2 14.872084,41.137429,150.2 14.872069,41.137485,150.2 14.872055,41.137538,150.2 14.87204,41.137592,150.2 14.872024,41.137646,150.2 14.872009,41.137702,150.2 14.871993,41.137759,150.4 14.871962,41.137875,150.4 14.871944,41.137937,150.8 14.871926,41.138003,151.2 14.871908,41.138071,151.6 14.871888,41.138141,151.8 14.871868,41.138213,152 14.871846,41.138287,152.4 14.871826,41.138362,152.4 14.871803,41.13844,152.6 14.871783,41.138519,152.8 14.871761,41.138598,153 14.871738,41.138678,153 14.871705,41.138777,153 14.871685,41.138843,153 14.871665,41.138926,153.2 14.871644,41.139011,153.2 14.87162,41.139096,153.4 14.87157,41.13927,153.8 14.871546,41.139354,153.8 14.871523,41.139438,154 14.871501,41.139521,154.2 14.87148,41.139603,154.2 14.87146,41.139683,154.4 14.871437,41.139763,154.8 14.871416,41.139837,155 14.871396,41.139906,155.2 14.871378,41.139971,155.6 14.871362,41.140028,155.8 14.871348,41.140079,156 14.871326,41.140162,157 14.871314,41.1402,157 14.87131,41.140218,157.4 14.871315,41.140234,157.8 14.871324,41.140245,158.2 14.871329,41.14025,158.6 14.871328,41.140254,161.6 14.871327,41.140247,161.6 14.871325,41.140242,161.6 14.871324,41.140245,161.6 14.871328,41.140246,161.6 14.871328,41.140249,161.6 14.87133,41.140251,161.6 14.871326,41.140256,161.6 14.871319,41.140268,161.8 14.871321,41.140261,161.8 14.87132,41.140259,161.8 14.871316,41.140269,162 14.871314,41.14027,162.2 14.871315,41.140273,162.2 14.871319,41.140272,162.6 14.871336,41.140274,162.6 14.871362,41.140272,162.6 14.871387,41.140269,162.6 14.871419,41.140268,162.6 14.871442,41.140271,162.6 14.871474,41.14028,162.6 14.871501,41.140284,162.6 14.871529,41.140285,162.6 14.87156,41.140288,162.6 14.871633,41.140296,162.6 14.871674,41.140302,162.6 14.871718,41.14031,162.6 14.871764,41.140317,162.6 14.871814,41.140324,162.6 14.871865,41.140332,162.6 14.871919,41.140342,162.6 14.871975,41.140351,162.6 14.87203,41.14036,162.6 14.872084,41.140368,162.6 14.872138,41.140375,162.6 14.872193,41.140381,162.6 14.872247,41.140392,162.6 14.872306,41.140401,162.6 14.872365,41.140414,162.4 14.872414,41.140425,162.4 14.872489,41.140441,162.4 14.872552,41.140455,162.4 14.872615,41.140468,162.2 14.872675,41.140479,162 14.872734,41.140491,162 14.872779,41.140498,162 14.872844,41.14051,161.8 14.872887,41.140516,161.8 14.872951,41.140523,161.6 14.87301,41.140529,161.4 14.873069,41.140537,161.4 14.873117,41.140542,161.4 14.873192,41.140549,161.4 14.873255,41.140557,161.4 14.873322,41.140567,161.4 14.873391,41.140578,161.4 14.873444,41.140587,161.4 14.873508,41.140592,161.4 14.873579,41.140599,161.4 14.873637,41.140608,161.4 14.873695,41.140614,161.4 14.873752,41.140622,161.4 14.873807,41.140632,161.6 14.873862,41.140641,161.8 14.873918,41.140649,161.8 14.873966,41.140654,162 14.874026,41.140657,162.2 14.874084,41.140662,162.4 14.874153,41.140672,162.4 14.874211,41.140685,162.6 14.874274,41.140698,162.6 14.874328,41.140709,162.8 14.87438,41.140718,163 14.874421,41.140727,163 14.87447,41.140736,163 14.874521,41.140748,163 14.87463,41.140767,163 14.874698,41.140781,163 14.874758,41.140794,163 14.874826,41.140805,163 14.874896,41.140818,163 14.874956,41.14083,163 14.875041,41.140848,163 14.875105,41.140861,163 14.875225,41.140883,163 14.875284,41.140894,162.6 14.875341,41.140903,162.6 14.875399,41.140909,162.4 14.875458,41.140917,162 14.875519,41.140923,161.8 14.875582,41.140929,161.6 14.875645,41.140933,161.4 14.875709,41.140933,161.4 14.875775,41.14093,161.4 14.875842,41.14093,161.4 14.875907,41.140941,161.2 14.87597,41.140961,161.2 14.876032,41.14098,161.2 14.876096,41.140994,161.2 14.876148,41.141001,161.2 14.876226,41.141009,161.2 14.876279,41.141018,161.2 14.876329,41.141031,161 14.876384,41.141045,161.2 14.876442,41.141057,161 14.87649,41.141063,161 14.876561,41.141073,161 14.876615,41.141081,161 14.876667,41.141091,161.2 14.87672,41.141101,161.4 14.876772,41.141109,161.4 14.876822,41.141118,161.4 14.876872,41.141128,161.4 14.876921,41.141138,161.6 14.876972,41.141144,161.6 14.877024,41.141153,161.8 14.877076,41.141164,161.8 14.877127,41.141174,162 14.877177,41.141183,162.2 14.877225,41.141191,162.4 14.877266,41.141195,162.6 14.877306,41.141197,162.6 14.877387,41.141203,162.8 14.877426,41.141205,163 14.877469,41.141213,163 14.877513,41.141223,163.2 14.87756,41.141233,163.4 14.877608,41.141242,163.4 14.877654,41.141249,163.4 14.877701,41.141252,163.6 14.877746,41.141253,163.6 14.877788,41.141253,163.6 14.877821,41.141255,163.6 14.877847,41.141259,163.8 14.877894,41.141272,163.8 14.877916,41.141275,163.8 14.877935,41.141276,163.8 14.877956,41.141278,163.8 14.877978,41.141286,163.8 14.87801,41.141299,163.8 14.878051,41.141311,163.8 14.878092,41.141317,163.6 14.878128,41.14132,163.4 14.878163,41.141322,163.4 14.878194,41.141326,163.2 14.878224,41.141332,163 14.878252,41.141337,162.6 14.878278,41.14134,162.6 14.878303,41.141344,162.4 14.878329,41.141346,162.4 14.878358,41.141349,162.4 14.878391,41.141351,162.4 14.878426,41.141352,162.4 14.878465,41.141354,162.4 14.878543,41.141364,162.2 14.878586,41.14137,162.2 14.878677,41.14138,162.2 14.878719,41.141385,162.2 14.878762,41.141387,162.2 14.878796,41.141387,162.2 14.878845,41.141392,162.2 14.878888,41.141396,162.2 14.878918,41.141399,162.2 14.878963,41.141404,162.2 14.878995,41.141409,161.8 14.879023,41.14141,161.8 14.879057,41.141413,161.8 14.879142,41.141425,161.4 14.879182,41.141428,161.4 14.87922,41.141432,161 14.879252,41.141438,160.8 14.879282,41.141442,160.6 14.879337,41.141448,160.2 14.879363,41.141451,160 14.879394,41.141458,160 14.879427,41.141464,160 14.879462,41.141472,160 14.879496,41.14148,159.8 14.879531,41.141488,159.8 14.879565,41.141494,159.8 14.879599,41.141498,159.8 14.879632,41.141506,159.8 14.879664,41.141512,159.6 14.879697,41.14152,159.6 14.879761,41.141536,159.4 14.879826,41.141546,159.4 14.879861,41.14155,159.4 14.879891,41.141556,159.4 14.879927,41.141559,159.4 14.880002,41.141569,159.4 14.880041,41.141577,159.4 14.880081,41.141584,159.4 14.88012,41.141592,159.4 14.880158,41.141601,159.4 14.880197,41.141609,159.4 14.880237,41.141618,159.4 14.880279,41.141626,159.4 14.880353,41.141637,159.4 14.880386,41.141645,159.4 14.88042,41.141651,159.4 14.880455,41.141656,159.4 14.880494,41.141664,159.4 14.880532,41.141674,159.6 14.880575,41.141681,159.6 14.880619,41.14169,159.6 14.880664,41.141698,159.6 14.880711,41.141707,159.8 14.880754,41.141715,159.8 14.880799,41.141721,160 14.880885,41.141735,160 14.880924,41.14174,160 14.880964,41.141747,160 14.881005,41.141756,160.2 14.881042,41.141762,160.4 14.881108,41.141774,160.6 14.88118,41.141786,161 14.881214,41.141795,161.2 14.881252,41.141801,161.4 14.881288,41.14181,161.6 14.881326,41.141818,161.8 14.881366,41.141828,162.4 14.881409,41.14184,162.6 14.881455,41.141851,162.8 14.881509,41.141859,162.8 14.881544,41.141865,163 14.881599,41.141876,163.2 14.881643,41.141884,163.2 14.881683,41.14189,163.2 14.881747,41.1419,163.2 14.881803,41.141905,163.4 14.881851,41.141908,163.4 14.881975,41.141919,163.4 14.882022,41.141923,163.4 14.882083,41.14193,163.4 14.882143,41.141939,163.4 14.882204,41.141948,163.2 14.882263,41.141958,163.2 14.88232,41.141965,163.2 14.882367,41.141971,163 14.882438,41.141979,162.8 14.882494,41.141985,162.6 14.882545,41.141993,162.4 14.882596,41.142002,162.2 14.882689,41.142014,162 14.882737,41.14202,162 14.882782,41.142029,162 14.882828,41.142039,162 14.882876,41.14205,162 14.882922,41.14206,162 14.882968,41.142072,162 14.883005,41.142081,162 14.883048,41.142091,162 14.883097,41.142104,162.2 14.883138,41.142114,162.2 14.88318,41.142127,162.2 14.883221,41.142138,162.4 14.883262,41.142146,162.6 14.883301,41.142156,162.8 14.883336,41.142164,163 14.883369,41.142169,163.2 14.8834,41.142174,163.4 14.883433,41.142176,163.6 14.88346,41.14218,163.8 14.883504,41.142187,164 14.883533,41.14219,164 14.883562,41.142196,164.2 14.883617,41.142204,164.2 14.883642,41.142208,164.2 14.883673,41.142211,164.4 14.883708,41.142214,164.4 14.883732,41.142218,164.6 14.883769,41.142222,164.6 14.883794,41.142223,164.8 14.883822,41.142223,165 14.883865,41.142224,165 14.883899,41.142231,165.2 14.883932,41.14224,165.2 14.883965,41.142246,165.2 14.883996,41.14225,165.2 14.884027,41.142253,165.2 14.884061,41.142257,165.4 14.884092,41.14226,165.4 14.884125,41.142265,165.4 14.884157,41.142272,165.4 14.884191,41.142277,165.6 14.884225,41.14228,165.6 14.88426,41.142286,165.8 14.884301,41.142295,166 14.884329,41.142305,166 14.884361,41.142312,166 14.884391,41.142316,166.2 14.884426,41.142321,166.2 14.884461,41.142323,166.2 14.884495,41.142323,166.4 14.884557,41.142327,166.8 14.884583,41.142328,166.8 14.884607,41.142331,166.8 14.884626,41.142334,166.8 14.884662,41.142336,166.8 14.884684,41.142337,166.8 14.884709,41.142339,166.8 14.884724,41.142341,166.8 14.884734,41.142346,166.6 14.884745,41.14235,166.4 14.884776,41.14236,166.4 14.88479,41.142365,166.2 14.884805,41.142368,166.2 14.884827,41.142375,165.8 14.884832,41.142378,165.8 14.884837,41.142383,165.8 14.88485,41.142388,165.8 14.884858,41.142386,165.8 14.884879,41.14239,166.4 14.884884,41.14239,166.4 14.884899,41.142385,166.4 14.884913,41.142383,166.4 14.88493,41.142382,166.4 14.884958,41.142378,166.6 14.884989,41.142384,166.6 14.884997,41.142385,167.8 14.885024,41.142387,167.8 14.885042,41.142389,167.8 14.885059,41.142392,167.8 14.885073,41.142396,167.6 14.88512,41.142403,167.6 14.885155,41.142408,167.8 14.885185,41.142413,167.8 14.885217,41.14242,167.8 14.88525,41.142426,167.8 14.885285,41.142433,167.6 14.885351,41.142445,167.6 14.885388,41.142451,167.6 14.88543,41.142455,167.8 14.885475,41.142464,167.6 14.885521,41.142475,167.8 14.885566,41.142484,167.8 14.885612,41.142492,167.8 14.885658,41.142499,167.8 14.885699,41.142506,168 14.885732,41.142511,168.4 14.885782,41.142518,168.4 14.885826,41.142523,168.4 14.885867,41.142527,168.4 14.885897,41.142529,168.4 14.885932,41.142532,168.8 14.885967,41.142534,169.2 14.886002,41.142537,169.2 14.886033,41.142538,169.4 14.886066,41.142537,169.6 14.886097,41.142535,170 14.886126,41.142534,170 14.886157,41.142537,170 14.886194,41.142537,170 14.886233,41.142535,170 14.886281,41.142534,170 14.886337,41.142532,170 14.886393,41.142534,170 14.886447,41.14254,170 14.886495,41.142544,170 14.886537,41.142546,169.8 14.88658,41.142543,169.6 14.886621,41.142538,169.4 14.886663,41.142532,169.2 14.886708,41.142522,168.6 14.886752,41.142499,168.2 14.886823,41.142448,167.6 14.886883,41.142404,167.2 14.886914,41.142379,166.8 14.886957,41.142348,166.6 14.886994,41.142324,166.2 14.887031,41.142303,165.8 14.887068,41.142285,165 14.887105,41.142263,164.8 14.887147,41.142234,164.4 14.887192,41.142197,164 14.887243,41.142156,163.4 14.887292,41.14211,163.2 14.88734,41.142062,162.6 14.887376,41.142023,162.2 14.887431,41.141965,161.6 14.887468,41.141924,161.2 14.887513,41.141871,160.8 14.887571,41.141807,160.2 14.88761,41.141765,159.2 14.887667,41.141703,158.6 14.887713,41.141652,157.6 14.887757,41.141603,157.2 14.887801,41.141553,157 14.887845,41.141504,156.8 14.887886,41.141459,156.4 14.887918,41.141415,156.4 14.887936,41.141382,156.2 14.887949,41.141367,155.8 14.88796,41.141359,155.6 14.887972,41.141353,155.4 14.887986,41.14135,155.2 14.887998,41.141348,154.8 14.888015,41.141354,154.6 14.888026,41.141361,154.4 14.888036,41.141369,154.4 14.888055,41.141388,154.2 14.888066,41.1414,154.2 14.888077,41.141416,154 14.888085,41.141436,154 14.888087,41.141455,154 14.888086,41.141473,154 14.888087,41.141488,153.8 14.888094,41.141506,153.8 14.888109,41.141524,153.8 14.888126,41.141545,153.8 14.888145,41.141567,153.8 14.888168,41.141587,153.8 14.888195,41.141611,153.8 14.888227,41.14164,153.8 14.888262,41.141673,153.8 14.888305,41.141704,153.8 14.888351,41.141735,153.8 14.888397,41.141763,153.8 14.888471,41.141805,153.8 14.888487,41.141815,153.8 14.888496,41.141824,153.8 14.888506,41.141837,153.8 14.888523,41.141851,153.8 14.888547,41.141867,153.8 14.888578,41.141886,153.8 14.888634,41.141918,153.8 14.888664,41.141936,153.8 14.888698,41.141956,153.8 14.888731,41.141973,153.8 14.888757,41.141984,153.6 14.888777,41.141994,153.6 14.888795,41.142001,153.6 14.888814,41.142007,153.6 14.888833,41.142016,153.6 14.888854,41.142028,153.6 14.888877,41.14204,153.6 14.888898,41.142049,153.6 14.888933,41.142063,153.6 14.88897,41.142084,153.6 14.888972,41.142086,153.8 14.888997,41.142101,153.8 14.889019,41.142112,153.8 14.889042,41.142123,153.8 14.889068,41.142134,153.8 14.889095,41.142145,153.6 14.889119,41.142159,153.6 14.889142,41.142176,153.6 14.889162,41.142195,153.6 14.889183,41.142214,153.6 14.889196,41.14223,153.6 14.889218,41.142268,153.6 14.889234,41.142288,153.6 14.889252,41.142308,153.6 14.88927,41.142327,153.6 14.889319,41.142368,153.6 14.889344,41.142386,153.6 14.889372,41.142404,153.6 14.889402,41.142421,153.6 14.889432,41.142435,153.6 14.889464,41.142448,153.6 14.889499,41.142459,153.6 14.889531,41.142471,153.8 14.889559,41.142485,153.8 14.889589,41.142498,154 14.889619,41.142512,154 14.889649,41.142525,154.2 14.88972,41.142552,154.4 14.889758,41.142568,154.4 14.889798,41.142581,154.4 14.889839,41.142594,154.4 14.889882,41.142606,154.6 14.889932,41.142618,154.6 14.889989,41.14263,154.6 14.890052,41.142645,154.6 14.890117,41.14266,154.6 14.890182,41.142676,154.6 14.890251,41.142691,154.6 14.890319,41.142705,154.6 14.890401,41.142716,154.6 14.890471,41.142723,154.8 14.890543,41.142732,154.8 14.890616,41.142741,154.8 14.890688,41.142749,154.8 14.890758,41.142758,154.8 14.89083,41.142765,154.8 14.890902,41.14277,154.8 14.890961,41.142775,154.8 14.891045,41.142786,154.8 14.891111,41.142796,154.8 14.89117,41.142804,155 14.891219,41.142814,155 14.891258,41.142826,155 14.891291,41.142837,155 14.891323,41.142844,155 14.891357,41.142849,155 14.891425,41.142851,155.2 14.891458,41.142853,155.2 14.89149,41.142859,155.2 14.891522,41.142868,155.2 14.891555,41.142875,155.2 14.891593,41.142881,155.2 14.891633,41.142885,155.2 14.891673,41.142891,155.2 14.891716,41.142897,155.2 14.891757,41.142901,155.2 14.891799,41.142907,155.2 14.89188,41.142919,155.2 14.89192,41.142927,155.2 14.892,41.142939,155 14.89204,41.142944,155 14.89208,41.142947,155 14.892116,41.142947,155 14.892155,41.142953,155 14.892196,41.142959,155 14.89224,41.142962,155 14.892284,41.142958,155.2 14.892324,41.14296,155.2 14.892359,41.142964,155.2 14.892399,41.142967,155.2 14.892441,41.142971,155.2 14.892487,41.142978,155.2 14.892538,41.142985,155.4 14.892594,41.142988,155.4 14.892649,41.14299,155.4 14.892689,41.142994,155.4 14.892731,41.143004,155.4 14.892771,41.143018,155.4 14.892809,41.143033,155.4 14.89285,41.143046,155.4 14.892893,41.143054,155.4 14.892938,41.143056,155.6 14.892996,41.14306,155.6 14.893034,41.143064,155.6 14.893095,41.143067,155.6 14.893201,41.143065,155.6 14.893249,41.143065,155.8 14.893295,41.143063,155.8 14.893339,41.143065,155.8 14.893382,41.143071,155.8 14.893424,41.143078,155.8 14.893458,41.143083,156 14.893486,41.143086,156 14.893512,41.143088,156 14.893543,41.14309,156 14.893576,41.143093,156 14.893611,41.143094,156 14.893646,41.143092,156 14.893677,41.143092,156 14.89371,41.143095,156.2 14.893744,41.143097,156.4 14.893779,41.1431,156.4 14.893815,41.143106,156.4 14.893853,41.143108,156.4 14.893893,41.143111,156.4 14.893933,41.143113,156.4 14.893966,41.143113,156.2 14.894016,41.143109,156.2 14.89406,41.143102,156.2 14.894103,41.143097,156.4 14.894194,41.143085,156.4 14.894239,41.143083,156.4 14.894285,41.14308,156.4 14.894333,41.143079,156.4 14.894385,41.143082,156.4 14.894438,41.143087,156.4 14.894493,41.143091,156.4 14.894552,41.143093,156.4 14.89461,41.143092,156.4 14.894669,41.143089,156.4 14.894725,41.143084,156.4 14.894778,41.143074,156.4 14.894828,41.143061,156.4 14.894874,41.143058,156.4 14.89492,41.143059,156.4 14.894957,41.143058,156.4 14.894983,41.143056,156.4 14.895006,41.14305,156.4 14.895029,41.143042,156.4 14.895056,41.143034,156.4 14.895086,41.143033,156.4 14.895117,41.143031,156.4 14.895153,41.143031,156.4 14.895216,41.143027,156.4 14.895249,41.143024,156.4 14.895281,41.143023,156.4 14.895311,41.143026,156.4 14.89534,41.143032,156.4 14.895373,41.143034,156.4 14.895409,41.143027,156.4 14.895447,41.143022,156.4 14.895484,41.14302,156.4 14.895557,41.14302,156.4 14.895595,41.143019,156.4 14.895634,41.143017,156.4 14.895676,41.143017,156.4 14.895715,41.143014,156.4 14.895755,41.14301,156.4 14.895799,41.143006,156.4 14.895848,41.143003,156.4 14.8959,41.142999,156.6 14.896057,41.142984,156.6 14.896168,41.14297,156.8 14.89622,41.142964,156.8 14.896274,41.142963,156.8 14.896328,41.142958,156.8 14.896385,41.142953,156.8 14.896443,41.142951,156.8 14.896502,41.142948,156.8 14.896563,41.142947,157 14.896618,41.142944,157 14.896666,41.142937,157 14.896711,41.142928,157 14.896751,41.142917,157 14.896788,41.142908,157.2 14.896821,41.142906,157.2 14.896856,41.142905,157.2 14.896888,41.142903,157.2 14.896919,41.142902,157.2 14.896948,41.142903,157.2 14.896975,41.142901,157.2 14.897,41.142898,157.2 14.897035,41.142893,157.4 14.89708,41.142888,157.4 14.897159,41.142876,157.4 14.897198,41.142871,157.4 14.897237,41.142864,157.6 14.89728,41.142856,157.6 14.89732,41.142848,157.6 14.897347,41.142844,157.6 14.897389,41.142837,157.6 14.897421,41.142832,157.6 14.897452,41.142832,157.6 14.897485,41.142835,157.6 14.897553,41.142833,157.6 14.897755,41.142833,157.6 14.897833,41.142835,157.6 14.897874,41.142834,157.6 14.897915,41.142831,157.6 14.897957,41.142825,157.6 14.898001,41.142819,157.6 14.898047,41.142813,157.6 14.898095,41.142809,157.6 14.898134,41.142808,157.6 14.898186,41.142808,157.8 14.898223,41.142807,157.8 14.898266,41.1428,157.8 14.898302,41.142786,157.8 14.898338,41.142782,157.8 14.898378,41.142779,157.8 14.898417,41.142774,157.8 14.898459,41.142775,157.8 14.898501,41.14278,157.8 14.89854,41.142785,157.8 14.898579,41.142788,157.8 14.898608,41.142793,157.8 14.898646,41.142797,157.8 14.898694,41.142799,157.8 14.898733,41.142803,157.8 14.898766,41.142807,157.8 14.898856,41.142807,157.8 14.898894,41.142809,157.8 14.898964,41.142815,157.8 14.899002,41.142819,157.8 14.899038,41.142826,157.8 14.899069,41.14284,157.8 14.899098,41.142854,157.8 14.899125,41.142862,158 14.899168,41.142872,158 14.899187,41.142876,158 14.899242,41.142892,158 14.899275,41.142904,158 14.899308,41.142915,158 14.899339,41.142926,158 14.899375,41.142934,158 14.899406,41.142932,158 14.899427,41.142931,158 14.89946,41.142935,158 14.899482,41.142948,158 14.899495,41.142957,158 14.899514,41.142963,158.2 14.899525,41.142968,158.2 14.899534,41.142971,158.2 14.899538,41.142974,158.2 14.899571,41.142988,158.2 14.89959,41.142994,158.2 14.899614,41.143001,158.2 14.899639,41.143011,158.2 14.899664,41.143023,158.2 14.899698,41.143037,158.2 14.899724,41.143053,158.2 14.899762,41.143085,158.4 14.899773,41.143101,158.4 14.899778,41.143121,158.4 14.899782,41.143162,158.4 14.899782,41.143183,158.4 14.899785,41.143203,158.4 14.899794,41.14322,158.4 14.899808,41.143233,158.6 14.899832,41.143244,158.6 14.899855,41.143252,158.6 14.899879,41.143251,158.6 14.899904,41.143245,158.6 14.899928,41.143236,158.6 14.899951,41.143227,159 14.899968,41.143219,159 14.899992,41.143217,159 14.900015,41.143216,159 14.900041,41.14322,159 14.900045,41.143225,159 14.900046,41.14323,159 14.900045,41.143233,159.2 14.900047,41.143234,158.6 14.900042,41.143227,159 14.900047,41.143227,159.2 14.900062,41.143224,159.2 14.900082,41.143218,159.4 14.900105,41.14321,159.4 14.900129,41.143203,159.6 14.900151,41.143191,159.6 14.900175,41.143181,159.6 14.900202,41.14318,159.6 14.900228,41.143187,159.6 14.900249,41.143195,159.6 14.900267,41.143206,159.6 14.900292,41.14322,159.6 14.900318,41.143235,159.6 14.900376,41.143265,159.6 14.900409,41.143284,159.6 14.900446,41.143303,159.6 14.900488,41.14332,159.6 14.900532,41.143334,159.6 14.900622,41.14336,159.6 14.900666,41.143372,159.6 14.90071,41.143382,159.6 14.900754,41.143395,159.6 14.900802,41.143413,159.6 14.900852,41.143431,159.6 14.900903,41.143447,159.6 14.900956,41.143461,159.6 14.90101,41.143474,159.6 14.901064,41.143489,159.6 14.901116,41.143504,159.6 14.901168,41.143518,159.6 14.901223,41.143532,159.6 14.901278,41.143547,159.6 14.901334,41.14356,159.6 14.901442,41.143579,159.6 14.901491,41.143586,159.6 14.901538,41.143593,159.6 14.901583,41.143603,159.6 14.901627,41.143614,159.6 14.901669,41.143624,159.6 14.901712,41.143632,159.6 14.90176,41.143644,159.6 14.9018,41.143657,159.6 14.901863,41.143675,159.6 14.901922,41.143689,159.8 14.901981,41.143699,160.2 14.902041,41.143718,160.2 14.9021,41.143738,160.4 14.902158,41.143759,160.4 14.902219,41.14378,160.6 14.902277,41.143799,160.6 14.902334,41.143818,160.6 14.902394,41.143839,160.6 14.902451,41.14386,160.6 14.902567,41.143902,160.8 14.902625,41.143924,160.8 14.902683,41.143945,160.8 14.902744,41.143965,161 14.902804,41.143986,161 14.902864,41.144001,161.2 14.902925,41.14402,161.4 14.902989,41.144043,161.4 14.903052,41.144067,161.4 14.903113,41.144089,161.6 14.903174,41.14411,161.6 14.903297,41.144155,161.8 14.903357,41.144174,161.8 14.903405,41.144187,161.8 14.903479,41.144213,161.8 14.903538,41.14424,162 14.903597,41.144265,162 14.903653,41.144288,162 14.903712,41.144312,162.2 14.903775,41.144331,162.2 14.903845,41.144343,162.4 14.903916,41.144348,162.4 14.903989,41.14435,162.6 14.904146,41.144348,162.6 14.904227,41.144344,162.6 14.904307,41.144338,162.6 14.904388,41.144333,162.6 14.904464,41.144333,162.6 14.904538,41.144332,162.6 14.904612,41.144329,162.6 14.904676,41.144327,162.6 14.904815,41.144325,162.6 14.904882,41.144326,162.4 14.904945,41.144325,162.4 14.905009,41.144323,162.4 14.905072,41.144323,162.4 14.905128,41.144325,162.4 14.905173,41.144325,162.4 14.905213,41.144317,162.4 14.905231,41.144318,162.4 14.905253,41.144318,162.4 14.905277,41.144316,162.4 14.905299,41.144312,162.4 14.905325,41.144313,162.4 14.905354,41.144315,162.4 14.905383,41.144315,162.4 14.905413,41.144314,162.4 14.905445,41.144309,162.4 14.905473,41.144307,162.4 14.905497,41.144304,162.4 14.905525,41.1443,162.4 14.905543,41.144295,162.4 14.905569,41.144292,162.4 14.905594,41.144291,162.4 14.905617,41.144288,162.4 14.905642,41.144286,162.4 14.905665,41.144285,162.4 14.905687,41.144283,162.4 14.905708,41.144279,162.4 14.905729,41.144278,162.4 14.905748,41.144278,162.4 14.905773,41.144276,162.4 14.905827,41.144274,162.4 14.905855,41.144272,162.4 14.905882,41.144268,162.4 14.905912,41.144264,162.4 14.90594,41.14426,162.4 14.905967,41.144254,162.4 14.905999,41.144251,162.4 14.906037,41.144252,162.4 14.906061,41.144254,162.4 14.906085,41.144255,162.4 14.906141,41.144255,162.6 14.906167,41.144254,162.6 14.906238,41.144248,162.6 14.906269,41.144248,162.6 14.906292,41.144249,162.6 14.906311,41.144251,162.6 14.906338,41.144252,162.6 14.906362,41.144249,162.6 14.906396,41.144241,162.6 14.906423,41.144237,162.6 14.906444,41.144232,162.6 14.906471,41.144226,162.6 14.906507,41.144219,162.6 14.906532,41.144211,162.6 14.906592,41.144197,162.6 14.906627,41.144189,162.4 14.906659,41.144179,162.4 14.906694,41.144169,162.4 14.906726,41.144158,162.4 14.906796,41.144142,162.4 14.906829,41.144127,162.4 14.906878,41.144115,162.4 14.906949,41.144096,162.4 14.906985,41.144088,162.4 14.907019,41.144082,162.4 14.907055,41.144075,162.4 14.907086,41.144068,162.4 14.907118,41.14406,162.4 14.907153,41.144049,162.4 14.90719,41.144039,162.4 14.907237,41.144029,162.4 14.907281,41.14402,162.2 14.907332,41.14401,162.2 14.907391,41.143994,162.2 14.907441,41.143982,162.2 14.907569,41.143944,162.2 14.907638,41.143922,162.2 14.907707,41.143899,162.2 14.90777,41.143876,162.2 14.907831,41.14385,162.2 14.907904,41.143821,162.2 14.907951,41.143802,162.2 14.908006,41.143776,162.2 14.90806,41.143747,162.2 14.908116,41.14372,162.2 14.908175,41.143693,162.2 14.908236,41.143666,162.2 14.908297,41.143638,162.2 14.908359,41.143612,162.2 14.908425,41.143584,162.2 14.908492,41.143556,162.2 14.90856,41.143527,162.4 14.908628,41.143496,162.4 14.908695,41.143464,162.4 14.908765,41.14343,162.4 14.908836,41.143396,162.4 14.908923,41.143355,162.4 14.908981,41.143326,162.4 14.909052,41.143289,162.4 14.909129,41.143253,162.6 14.909206,41.143218,162.6 14.909287,41.143187,162.6 14.909369,41.143152,162.6 14.909452,41.143112,162.6 14.909539,41.143069,162.6 14.909624,41.143028,162.6 14.909705,41.142987,162.6 14.909783,41.142949,162.6 14.909862,41.142914,162.6 14.910008,41.142843,162.6 14.910146,41.142778,162.6 14.910217,41.142744,162.6 14.910293,41.142711,162.6 14.910391,41.142671,162.8 14.910461,41.142643,162.8 14.91066,41.142573,163 14.910733,41.142547,163 14.910826,41.142515,163 14.910919,41.142481,163 14.911015,41.142443,163 14.911113,41.142406,163 14.911233,41.142367,163 14.911313,41.142339,163 14.911413,41.142307,163 14.911509,41.142272,163 14.911606,41.142237,163 14.911705,41.1422,162.8 14.911807,41.142169,162.8 14.911905,41.142136,162.6 14.912,41.1421,162.6 14.912115,41.14205,162.6 14.912192,41.142016,162.4 14.912291,41.141971,162.4 14.912408,41.141923,162.4 14.912484,41.14189,162.2 14.912578,41.141852,162.2 14.912669,41.141813,162.2 14.912759,41.141777,162.2 14.912845,41.14174,162.2 14.912931,41.141704,162.2 14.913014,41.141665,162 14.913095,41.14163,162 14.913177,41.141595,162 14.913258,41.141562,162 14.913334,41.141529,162.2 14.913409,41.141499,162.2 14.91348,41.141468,162.2 14.913559,41.141436,162.2 14.913622,41.141415,162.2 14.913672,41.141398,162.2 14.913728,41.14137,162.2 14.913784,41.141347,162.2 14.913839,41.141326,162.4 14.913891,41.141305,162.4 14.913942,41.141288,162.4 14.913987,41.141271,162.4 14.91404,41.141253,162.4 14.914083,41.141242,162.4 14.914118,41.141231,162.6 14.91416,41.141215,162.6 14.914198,41.141197,162.6 14.914237,41.141179,162.8 14.914286,41.141164,162.8 14.914285,41.141163,162.8 14.914293,41.141158,162.8 14.914311,41.141148,162.8 14.914338,41.141136,162.8 14.914369,41.141125,162.8 14.914402,41.141112,162.8 14.914433,41.141097,162.8 14.914471,41.14108,162.8 14.914511,41.141061,162.8 14.914555,41.141036,162.8 14.9146,41.141008,162.8 14.914654,41.140981,162.8 14.914711,41.140954,162.6 14.91478,41.140921,162.6 14.914827,41.1409,162.6 14.914899,41.140867,162.6 14.914949,41.140845,162.6 14.915009,41.140816,162.4 14.915071,41.140785,162.4 14.915131,41.140754,162.4 14.915186,41.140721,162.2 14.91524,41.140688,162.2 14.9153,41.14066,162.2 14.915362,41.140634,162.2 14.915482,41.140575,162.2 14.915547,41.140546,162.2 14.915616,41.140518,162.2 14.915688,41.140493,162.2 14.91576,41.140469,162.2 14.915831,41.14044,162.2 14.9159,41.14041,162.2 14.915968,41.140381,162.2 14.916104,41.140329,162.2 14.916171,41.140306,162.2 14.916236,41.140283,162.2 14.916301,41.140264,162.2 14.916365,41.140241,162.2 14.916432,41.140224,162.2 14.9165,41.140209,162.2 14.916559,41.140187,162 14.916616,41.140158,162 14.916672,41.140131,162 14.916731,41.140108,162 14.916788,41.140087,161.8 14.916844,41.140071,161.8 14.916899,41.14006,161.8 14.916945,41.140046,161.8 14.916987,41.140032,161.8 14.917031,41.140024,161.8 14.917077,41.140021,161.8 14.917135,41.14002,161.8 14.917176,41.140021,161.8 14.917226,41.140024,161.8 14.917277,41.140028,161.8 14.917324,41.140031,161.8 14.917368,41.140033,161.8 14.917411,41.140033,161.8 14.917454,41.140036,161.8 14.917496,41.140037,161.8 14.917536,41.140039,161.8 14.91761,41.140048,162 14.917638,41.140052,162 14.917667,41.140058,162.2 14.917692,41.140065,162.4 14.917718,41.140076,162.6 14.917741,41.14009,162.8 14.917755,41.140111,163 14.91776,41.140135,163.2 14.917763,41.140165,163.6 14.917766,41.140185,164 14.917775,41.140209,164.6 14.917783,41.140238,165 14.91779,41.140256,165 14.917796,41.140278,165.4 14.9178,41.140301,165.4 14.917807,41.140323,165.6 14.917813,41.140344,165.6 14.917827,41.140387,165.8 14.917834,41.14041,165.8 14.917838,41.140431,166 14.917839,41.140454,166.4 14.917838,41.14048,166.8 14.917843,41.140504,167.2 14.91785,41.140529,167.4 14.917853,41.140556,167.8 14.917857,41.140581,168.2 14.917862,41.14061,168.4 14.917867,41.140633,168.8 14.917883,41.140672,169.2 14.917894,41.14069,169.2 14.917906,41.140704,169.4 14.91792,41.140717,169.4 14.917931,41.140728,169.6 14.917933,41.140731,171 14.917943,41.140733,171 14.917962,41.140732,171 14.917982,41.140726,171 14.918035,41.140711,171 14.918066,41.140699,171 14.918091,41.140687,171 14.918112,41.140678,171 14.918118,41.140674,171 14.918139,41.140667,171 14.918181,41.140658,171.2 14.918212,41.140652,171.2 14.918244,41.140645,171.2 14.918276,41.140639,171.4 14.918309,41.140632,171.6 14.918347,41.140627,171.6 14.918389,41.140621,171.6 14.918437,41.140619,171.6 14.918488,41.14062,171.4 14.91854,41.140617,171.4 14.918594,41.140612,171.6 14.91865,41.140603,171.6 14.918706,41.140595,171.4 14.918764,41.140591,171.4 14.918824,41.140589,171.4 14.918884,41.140592,171.4 14.918947,41.140597,171.6 14.919004,41.140601,171.6 14.919058,41.140608,171.6 14.919113,41.140612,171.6 14.919166,41.140618,171.6 14.919219,41.140623,171.6 14.91927,41.140626,171.6 14.919319,41.140627,171.6 14.91953,41.140627,171.8 14.919568,41.140625,171.8 14.919638,41.140611,171.8 14.919677,41.140603,171.8 14.919716,41.140594,172 14.919756,41.140586,172.4 14.919798,41.140579,172.4 14.919842,41.140574,172.6 14.919933,41.140566,172.8 14.91998,41.140559,172.8 14.920025,41.140555,172.8 14.92007,41.140549,172.8 14.920121,41.140543,172.8 14.920168,41.140534,172.8 14.920215,41.140526,172.8 14.920262,41.140519,172.8 14.920311,41.140513,172.8 14.920358,41.140505,172.8 14.920404,41.1405,172.8 14.920449,41.140496,172.8 14.920494,41.140489,172.8 14.920539,41.140484,172.8 14.920581,41.140482,172.8 14.920624,41.140477,172.8 14.920669,41.14047,172.6 14.92072,41.140464,172.6 14.920776,41.140457,172.6 14.920829,41.140453,172.6 14.920881,41.140448,172.6 14.920982,41.14044,172.6 14.921032,41.140434,172.6 14.921086,41.140429,172.6 14.92114,41.140425,172.6 14.921248,41.140413,172.4 14.921303,41.140407,172.4 14.921358,41.1404,172.4 14.921414,41.140391,172.4 14.921473,41.140385,172.4 14.921534,41.140378,172.2 14.921591,41.14037,172.2 14.92165,41.140362,172.2 14.92171,41.140357,172.2 14.921767,41.140351,172.2 14.921825,41.140343,172.2 14.921884,41.140336,172.2 14.921945,41.140329,172.2 14.922003,41.140322,172.2 14.922063,41.140315,172.2 14.922126,41.140306,172.2 14.922193,41.140298,172.2 14.922253,41.140288,172.2 14.922314,41.140278,172.2 14.922372,41.140272,172 14.92243,41.140268,172 14.922486,41.140262,172 14.922541,41.140254,172 14.922597,41.140247,172 14.922656,41.140241,172 14.922717,41.140235,172 14.922774,41.140226,172 14.92283,41.140216,172 14.922888,41.140209,172.2 14.922943,41.140202,172.2 14.923003,41.140196,172.2 14.923061,41.140187,172.2 14.923118,41.140178,172.2 14.923177,41.140172,172.2 14.923236,41.140167,172.2 14.923295,41.140159,172.2 14.923353,41.140152,172.2 14.923408,41.140144,172.2 14.923466,41.140133,172.2 14.923527,41.140127,172.2 14.923589,41.140122,172.2 14.923649,41.140116,172.2 14.923774,41.140102,172.2 14.923831,41.140092,172.2 14.92388,41.140085,172.2 14.923953,41.140077,172.2 14.924013,41.140068,172.2 14.924074,41.14006,172.2 14.924131,41.140051,172.2 14.924191,41.140045,172.2 14.924251,41.140041,172.2 14.924312,41.140036,172.2 14.924369,41.140029,172.2 14.92443,41.140021,172.2 14.924492,41.140013,172.2 14.924535,41.14001,172.2 14.924601,41.140003,172.2 14.924642,41.139998,172.2 14.924689,41.139988,172.2 14.924721,41.139973,172.2 14.924752,41.139953,172.2 14.924778,41.139932,172.2 14.924798,41.139915,172.2 14.924823,41.139892,172.2 14.924853,41.139859,172.4 14.924907,41.139799,172.4 14.924935,41.139765,172.4 14.924964,41.139728,172.4 14.924997,41.139693,172.6 14.92503,41.139657,172.6 14.925057,41.139628,172.6 14.925096,41.139585,172.6 14.925125,41.139544,172.6 14.925156,41.139507,172.6 14.925187,41.139466,172.6 14.925217,41.139428,172.6 14.925249,41.13939,172.6 14.925281,41.13935,172.6 14.925305,41.139319,172.6 14.925341,41.139271,172.6 14.925364,41.139238,172.6 14.925393,41.139199,172.6 14.925424,41.139159,172.6 14.925457,41.13912,172.6 14.925489,41.139079,172.6 14.925523,41.139039,172.6 14.925556,41.138998,172.6 14.925592,41.138954,172.6 14.925625,41.138915,172.6 14.925696,41.138827,172.6 14.925728,41.138787,172.6 14.925754,41.138755,172.6 14.925792,41.13871,172.6 14.925815,41.138679,172.6 14.925848,41.138636,172.6 14.925877,41.1386,172.6 14.9259,41.138571,172.8 14.925929,41.138535,173 14.925962,41.138493,173 14.925995,41.13845,173 14.926013,41.138431,173.2 14.926079,41.138363,173.6 14.926107,41.138326,173.6 14.926134,41.138291,173.8 14.926157,41.138255,174 14.926183,41.138219,174.2 14.926212,41.138183,174.4 14.926245,41.138149,174.6 14.926274,41.138115,174.6 14.926306,41.138081,174.8 14.926338,41.138048,174.8 14.926368,41.138014,174.8 14.926426,41.137943,175 14.926446,41.137919,175 14.92647,41.137888,175 14.92649,41.137856,175 14.92651,41.137825,175 14.926531,41.137795,175 14.92655,41.137766,175 14.926571,41.137736,175 14.926589,41.137707,175 14.926605,41.137677,175 14.926619,41.137648,175 14.926639,41.137602,175 14.926645,41.137581,175 14.926643,41.137561,175 14.926632,41.137542,175 14.926609,41.137523,175 14.926582,41.137502,175 14.926543,41.137475,175 14.926515,41.13746,175 14.92648,41.137439,175 14.926445,41.137416,175 14.92641,41.137395,175 14.926372,41.137371,175 14.926334,41.137346,175 14.926297,41.13732,175 14.92626,41.137296,175 14.926224,41.137274,175 14.926152,41.137237,175 14.92611,41.137217,175 14.92607,41.137194,175 14.926028,41.137172,175 14.925987,41.137147,175 14.925946,41.13712,175 14.925906,41.137093,175 14.925864,41.137067,175 14.925823,41.13704,175 14.925773,41.137003,175 14.925725,41.136961,175 14.925695,41.136932,175 14.925646,41.136888,175 14.925578,41.136839,175 14.92552,41.136795,175 14.92548,41.136765,175 14.925459,41.136747,175 14.925426,41.136715,175.2 14.92532,41.136615,174.8 14.925283,41.136583,174.8 14.925244,41.136554,174.8 14.925206,41.136521,174.6 14.925166,41.136488,174.6 14.92513,41.136454,174.6 14.925094,41.136419,174.6 14.925059,41.136387,174.6 14.925024,41.136356,174.6 14.924984,41.136319,174.6 14.924959,41.136291,174.6 14.924923,41.136253,174.6 14.924897,41.136224,174.6 14.924846,41.136169,174.8 14.924823,41.136142,175 14.924804,41.136123,175 14.924778,41.136098,175.2 14.924749,41.136072,175.2 14.924726,41.136052,175.4 14.924708,41.136028,175.4 14.924689,41.136005,175.6 14.924676,41.135981,175.8 14.924666,41.135953,176 14.924659,41.135924,176.2 14.924653,41.135898,176.4 14.924649,41.135848,176.8 14.924646,41.135829,177.2 14.924644,41.135799,177.2 14.924646,41.135777,177.4 14.924652,41.135753,177.6 14.924659,41.135727,178 14.924668,41.135678,178.4 14.924678,41.135645,178.4 14.924692,41.13562,178.8 14.924703,41.135603,178.8 14.924716,41.13558,179 14.924725,41.135556,179.2 14.924728,41.135526,179.2 14.924731,41.135504,179.4 14.92474,41.135478,179.4 14.924753,41.135453,179.4 14.924768,41.13543,179.6 14.924786,41.135405,179.8 14.924865,41.135318,180.2 14.924889,41.135295,180.2 14.924916,41.135273,180.4 14.92494,41.135253,180.4 14.924991,41.135209,180.6 14.925013,41.135191,180.8 14.925031,41.135177,181 14.925049,41.135164,181.2 14.925065,41.135152,181.2 14.925088,41.135132,181.6 14.925116,41.135111,182 14.925125,41.135099,182 14.925133,41.135084,182.2 14.925141,41.135067,182.4 14.925152,41.13505,182.4 14.925167,41.135026,182.4 14.925197,41.135001,182.6 14.925206,41.134991,182.6 14.925215,41.134982,182.6 14.925219,41.13498,182.8 14.925215,41.134979,183 14.925204,41.134961,183.8 14.925207,41.134969,183.8 14.925209,41.134969,184 14.925214,41.134963,184 14.925212,41.134944,184.4 14.925216,41.13493,184.4 14.92524,41.134912,184.4 14.925249,41.134904,184.4 14.925262,41.134897,184.4 14.92528,41.134889,184.4 14.925296,41.134884,184.6 14.925316,41.134879,184.6 14.925335,41.134871,184.6 14.925352,41.13486,184.6 14.925374,41.134853,184.6 14.925396,41.134839,184.6 14.92542,41.134825,184.6 14.925444,41.134812,184.6 14.925468,41.134793,184.6 14.925488,41.13477,184.6 14.925508,41.134746,184.6 14.92553,41.134721,184.8 14.925552,41.134699,184.8 14.925584,41.13467,185 14.9256,41.134652,185 14.925622,41.134626,185.2 14.925648,41.134599,185.4 14.925665,41.134581,185.4 14.925683,41.134558,185.6 14.925707,41.13453,185.6 14.925723,41.134508,185.8 14.925738,41.13449,185.8 14.925759,41.134464,186 14.925781,41.134439,186.2 14.925844,41.134367,186.8 14.925857,41.134343,187 14.925869,41.134318,187.2 14.92588,41.13429,187.4 14.925893,41.134263,187.4 14.925907,41.134235,187.6 14.925922,41.134206,187.8 14.925935,41.134176,188 14.925944,41.134149,188.2 14.925956,41.134119,188.2 14.925968,41.134088,188.4 14.925978,41.134057,188.6 14.925987,41.134026,188.6 14.926002,41.133971,189 14.92602,41.133923,189.2 14.926031,41.1339,189.4 14.926042,41.133875,189.4 14.926055,41.133849,189.6 14.926069,41.133824,189.8 14.926086,41.133801,190 14.926104,41.133776,190.2 14.92612,41.133752,190.4 14.926137,41.133725,190.6 14.926155,41.1337,190.8 14.926171,41.133675,190.8 14.926205,41.133624,191.2 14.926223,41.133598,191.2 14.926243,41.13357,191.4 14.926265,41.133545,191.4 14.926288,41.133522,191.8 14.926338,41.133476,192 14.926366,41.133454,192.2 14.926395,41.133436,192.2 14.926424,41.133421,192.4 14.926456,41.133404,192.6 14.926491,41.133388,192.6 14.926527,41.133371,192.8 14.926566,41.133354,193 14.926601,41.13334,193.2 14.926638,41.133326,193.4 14.926676,41.133311,193.6 14.926715,41.133293,193.6 14.926755,41.133278,193.8 14.926796,41.133264,194 14.926843,41.133245,194.2 14.926908,41.133222,194.4 14.92695,41.133206,194.6 14.926976,41.133198,194.6 14.927014,41.133182,194.8 14.927048,41.133167,195 14.927084,41.133155,195.2 14.927123,41.133143,195.4 14.927158,41.133132,195.6 14.927193,41.13312,195.8 14.927227,41.133105,196 14.927256,41.133095,196.2 14.927292,41.133082,196.4 14.927328,41.133067,196.6 14.927359,41.133053,196.6 14.927394,41.133038,196.8 14.927431,41.133026,197 14.927475,41.13301,197.2 14.927511,41.132999,197.4 14.927543,41.132984,197.6 14.927584,41.132969,197.8 14.927632,41.132959,197.8 14.927673,41.132948,198.2 14.927712,41.132939,198.2 14.92775,41.132929,198.6 14.927789,41.132919,198.8 14.927831,41.132909,199 14.927864,41.1329,199.2 14.927909,41.132889,199.2 14.92794,41.132878,199.4 14.927977,41.132867,199.6 14.92801,41.132855,199.8 14.928054,41.132842,200 14.928081,41.132829,200 14.928115,41.132806,200.2 14.928142,41.132779,200.4 14.928158,41.132753,200.6 14.928168,41.132721,200.8 14.928174,41.132697,200.8 14.92818,41.132662,201 14.928184,41.132634,201.2 14.928186,41.132605,201.4 14.928187,41.132573,201.6 14.928185,41.132545,201.8 14.928183,41.132513,202 14.928183,41.132479,202 14.928182,41.132452,202.2 14.928183,41.13242,202.4 14.928185,41.132391,202.6 14.928193,41.132363,202.8 14.928205,41.132335,202.8 14.928217,41.132308,203.2 14.928234,41.132278,203.4 14.928247,41.132254,203.6 14.928269,41.13222,203.8 14.928291,41.132193,204 14.928312,41.13217,204.2 14.928363,41.132123,204.6 14.928391,41.132098,204.8 14.92842,41.132073,205 14.928451,41.13205,205 14.928476,41.132034,205.2 14.928509,41.132016,205.4 14.928551,41.131997,205.4 14.92859,41.131982,205.6 14.928623,41.131973,205.8 14.928664,41.131963,205.8 14.928715,41.131953,206 14.928755,41.131946,206.2 14.928796,41.13194,206.2 14.928829,41.131937,206.4 14.928879,41.131936,206.6 14.928928,41.131937,206.6 14.928968,41.131935,206.8 14.929001,41.131929,207 14.929042,41.131921,207.2 14.929081,41.131908,207.4 14.929118,41.131895,207.6 14.929154,41.13188,207.8 14.929189,41.131865,208 14.929221,41.131846,208 14.929254,41.131825,208.4 14.929285,41.131808,208.6 14.929341,41.131766,208.8 14.92939,41.131726,209.2 14.929422,41.131697,209.4 14.929447,41.131673,209.6 14.929512,41.131627,210 14.929573,41.131577,210.4 14.929598,41.131553,210.6 14.92962,41.131527,210.6 14.929643,41.131501,210.8 14.929664,41.131476,211 14.929683,41.131449,211 14.929699,41.131422,211.2 14.92972,41.131395,211.4 14.929738,41.13137,211.6 14.929762,41.131318,212 14.929774,41.131289,212.2 14.929787,41.131261,212.4 14.929799,41.13123,212.4 14.929814,41.131202,212.6 14.929834,41.131176,212.8 14.929854,41.131153,212.8 14.929876,41.131133,213 14.929905,41.131109,213.4 14.929937,41.131092,213.6 14.929969,41.131074,213.8 14.930005,41.131057,213.8 14.930042,41.131043,214 14.930072,41.131028,214.2 14.930102,41.131015,214.4 14.93014,41.131001,214.6 14.930176,41.130987,215 14.930209,41.130977,215 14.930248,41.130967,215.2 14.930283,41.130959,215.4 14.930311,41.130949,215.6 14.930339,41.130938,215.6 14.930368,41.130923,215.8 14.930398,41.130903,216 14.930428,41.130873,216.2 14.930447,41.130843,216.4 14.930453,41.130813,216.4 14.930453,41.130784,216.6 14.930447,41.130763,216.8 14.930434,41.130741,217 14.930417,41.130719,217 14.930382,41.130653,217.4 14.930368,41.130624,217.6 14.930358,41.130592,217.8 14.930351,41.130567,218 14.93034,41.1305,218.4 14.930339,41.130467,218.6 14.930341,41.130444,218.6 14.93035,41.130423,218.8 14.930363,41.130395,219 14.930381,41.130368,219.2 14.930406,41.130341,219.2 14.930431,41.130318,219.4 14.930457,41.130297,219.6 14.930484,41.130272,219.8 14.930519,41.130254,220 14.930553,41.130235,220.2 14.930619,41.130197,220.6 14.93065,41.130176,220.6 14.930677,41.130153,221 14.930702,41.130125,221 14.930719,41.130096,221 14.930732,41.130065,221.2 14.930744,41.130033,221.4 14.93075,41.130002,221.6 14.930751,41.129971,221.6 14.930751,41.129939,221.8 14.93075,41.129907,222 14.93075,41.129881,222 14.930749,41.129849,222.4 14.930748,41.129809,222.2 14.930748,41.129783,222.6 14.930754,41.12975,222.6 14.930762,41.129721,222.8 14.930775,41.129697,222.8 14.930791,41.129663,223 14.93081,41.129636,223 14.930827,41.129615,223.2 14.930851,41.12959,223.4 14.930876,41.129562,223.6 14.930902,41.129534,223.6 14.930931,41.12951,223.8 14.930958,41.129488,224 14.930979,41.129467,224.2 14.931006,41.129434,224.2 14.931033,41.129407,224.4 14.931059,41.129383,224.4 14.931087,41.129358,224.6 14.931114,41.129332,224.6 14.931139,41.129307,224.8 14.931163,41.12928,224.8 14.931191,41.129254,225 14.93122,41.129229,225.2 14.931269,41.129184,225.4 14.931294,41.129159,225.6 14.931321,41.129136,225.8 14.931347,41.129109,226 14.931373,41.129081,226.2 14.931396,41.129054,226.4 14.931416,41.129026,226.4 14.93144,41.128999,226.8 14.931468,41.128973,227 14.931493,41.128946,227 14.931514,41.128921,227.2 14.931534,41.128893,227.4 14.931553,41.128864,227.6 14.931574,41.128834,227.8 14.931604,41.128772,228.2 14.931618,41.128739,228.2 14.93163,41.128706,228.4 14.931642,41.128672,228.6 14.931653,41.128638,228.8 14.931663,41.128605,229 14.93167,41.128572,229 14.93168,41.128539,229.2 14.93169,41.128508,229.4 14.931698,41.128478,229.6 14.931706,41.12845,229.6 14.931713,41.12842,229.8 14.931721,41.128387,230 14.931732,41.128354,230 14.931745,41.128322,230.2 14.931758,41.128291,230.4 14.931782,41.128232,230.6 14.931794,41.128204,230.8 14.931808,41.12817,230.8 14.931823,41.128136,231 14.931836,41.128098,231 14.931846,41.128037,231.4 14.931855,41.128004,231.4 14.931861,41.127978,231.4 14.931883,41.127907,232 14.931888,41.127883,232 14.931898,41.127847,232 14.931908,41.127819,232.2 14.931916,41.127791,232.2 14.931925,41.127762,232.4 14.931939,41.12773,232.4 14.93195,41.127698,232.6 14.931961,41.127661,232.8 14.931975,41.12763,232.8 14.931994,41.127609,232.8 14.932027,41.127577,233 14.932067,41.127548,233 14.932098,41.127534,233.2 14.932139,41.127518,233.4 14.93219,41.127506,233.4 14.932223,41.1275,233.6 14.932268,41.127497,233.6 14.932315,41.127496,233.6 14.932363,41.127494,233.8 14.932412,41.127494,233.8 14.932475,41.127493,233.8 14.932527,41.12749,233.8 14.932677,41.12749,234.2 14.932723,41.127487,234.2 14.93277,41.127483,234.2 14.932817,41.12748,234.2 14.932865,41.127474,234.2 14.932907,41.127465,234.2 14.932937,41.127449,234.2 14.932975,41.127421,234.2 14.933007,41.12739,234.2 14.933032,41.127348,234.4 14.933038,41.127306,234.4 14.933021,41.127275,234.4 14.933001,41.127238,234.4 14.932968,41.127207,234.4 14.932933,41.127176,234.4 14.932897,41.127147,234.4 14.93286,41.127122,234.6 14.932826,41.127095,234.6 14.932796,41.127067,234.4 14.932773,41.127036,234.4 14.932754,41.127002,234.6 14.932737,41.126964,234.6 14.932722,41.126925,234.6 14.932714,41.12689,234.6 14.932715,41.126856,234.6 14.932723,41.126819,234.6 14.932736,41.126783,234.6 14.932751,41.126747,234.6 14.932767,41.126711,234.8 14.93278,41.126678,234.8 14.932796,41.126641,234.8 14.932811,41.126605,234.8 14.932825,41.126567,234.8 14.932838,41.126531,234.8 14.932849,41.126495,234.8 14.93286,41.12646,234.8 14.932873,41.126422,234.8 14.932885,41.126385,234.8 14.932899,41.126349,234.8 14.932914,41.126312,235 14.932925,41.126272,235 14.932939,41.126236,235 14.93296,41.126194,235 14.932975,41.126159,235 14.932989,41.126125,235 14.933006,41.126092,235 14.933016,41.126065,235 14.933027,41.126028,235.4 14.93304,41.125991,235.4 14.933052,41.125955,235.4 14.933063,41.125917,235.4 14.933076,41.125876,235.4 14.93309,41.125838,235.4 14.933105,41.125799,235.6 14.93312,41.125762,235.6 14.933135,41.125726,235.6 14.933147,41.125686,235.6 14.93316,41.125647,235.6 14.933175,41.125611,235.8 14.933191,41.125571,235.8 14.933209,41.12553,235.8 14.933225,41.125493,235.8 14.933237,41.12546,235.8 14.933262,41.125389,235.8 14.933277,41.125351,235.8 14.933295,41.125311,235.8 14.933315,41.125269,235.8 14.933328,41.125225,235.8 14.933337,41.125196,236 14.933361,41.125117,236 14.93337,41.125078,236 14.933387,41.12504,236 14.933399,41.125004,236.2 14.933413,41.124968,236.2 14.933438,41.124895,236.2 14.93345,41.124856,236.2 14.933476,41.124789,236.2 14.933492,41.124744,236.2 14.933506,41.124707,236.4 14.933518,41.124668,236.4 14.93353,41.124628,236.4 14.933539,41.124588,236.4 14.933545,41.124546,236.6 14.933554,41.124507,236.6 14.933564,41.124467,236.6 14.933573,41.124428,236.6 14.933583,41.124391,236.8 14.933593,41.124352,236.8 14.933604,41.124312,236.8 14.933617,41.124272,236.8 14.933628,41.124231,236.8 14.933638,41.124193,236.8 14.933646,41.124157,236.8 14.933657,41.124121,236.8 14.933666,41.124086,236.8 14.933678,41.124049,236.8 14.933691,41.124012,237 14.933702,41.123975,237 14.933732,41.123858,237 14.933741,41.123819,237 14.933765,41.123745,237 14.933776,41.123708,237 14.933786,41.123671,237 14.933796,41.123633,237 14.933807,41.123588,237.2 14.933814,41.123557,237.2 14.933823,41.123512,237.2 14.933831,41.123476,237.2 14.933837,41.123447,237.4 14.933845,41.123411,237.4 14.93385,41.123371,237.4 14.933852,41.123329,237.4 14.933852,41.123289,237.4 14.933847,41.123247,237.4 14.933843,41.123204,237.6 14.933836,41.123159,237.6 14.933818,41.123124,237.6 14.933797,41.123089,237.6 14.93377,41.123058,237.6 14.933743,41.123032,237.6 14.933711,41.123008,237.6 14.933683,41.122984,237.6 14.933651,41.122961,237.6 14.933617,41.122941,237.6 14.933577,41.122928,237.6 14.933534,41.122912,237.6 14.933489,41.122901,237.6 14.933445,41.122889,237.4 14.933401,41.122876,237.4 14.933352,41.122865,237.4 14.933297,41.122859,237.4 14.933249,41.122849,237.6 14.933201,41.122837,237.6 14.93315,41.122823,237.6 14.933116,41.122815,237.6 14.933074,41.122809,237.6 14.933029,41.122802,237.6 14.932975,41.122788,237.6 14.932938,41.122779,237.6 14.932892,41.122763,237.6 14.932845,41.12275,237.8 14.932798,41.122736,237.8 14.932749,41.122723,237.8 14.932689,41.122709,237.8 14.932651,41.122699,237.8 14.932601,41.122688,237.8 14.932553,41.122676,237.8 14.932504,41.122658,237.8 14.932454,41.122642,237.8 14.932406,41.122625,238 14.932358,41.122605,238 14.932311,41.122583,238 14.932267,41.122559,238 14.932224,41.122534,238 14.932182,41.12251,238 14.932144,41.12248,238 14.932111,41.122447,238 14.932085,41.122407,238 14.93206,41.122364,238 14.932046,41.122339,238 14.932033,41.122304,238 14.932027,41.122268,238.2 14.932022,41.12223,238.2 14.93202,41.122196,238.2 14.932021,41.12215,238.2 14.932024,41.122114,238.4 14.932029,41.122065,238.4 14.93203,41.122029,238.4 14.932029,41.122002,238.6 14.932027,41.121967,238.6 14.932029,41.12193,238.6 14.932033,41.121893,238.6 14.932035,41.121854,238.6 14.932035,41.121815,238.6 14.932038,41.121776,238.8 14.932043,41.12173,238.8 14.93205,41.121662,238.8 14.932057,41.121621,238.8 14.932065,41.121576,238.8 14.932068,41.121539,238.8 14.932072,41.121493,238.8 14.932079,41.121453,239 14.932086,41.121422,239 14.932104,41.121376,239 14.932119,41.121347,239 14.932135,41.121308,239 14.932149,41.121262,239 14.932156,41.121231,239 14.932159,41.121195,239.2 14.932161,41.121118,239.2 14.932163,41.121077,239.2 14.932161,41.121029,239.2 14.932157,41.120995,239.2 14.93215,41.120951,239.4 14.932141,41.120912,239.4 14.932127,41.120864,239.4 14.932114,41.120834,239.4 14.932096,41.120796,239.4 14.932075,41.12076,239.4 14.932052,41.120729,239.4 14.932029,41.120692,239.4 14.932019,41.120671,239.4 14.932012,41.120648,239.4 14.93201,41.120629,239.2 14.932016,41.120614,239.2 14.932028,41.120601,239.2 14.932036,41.120594,239.2 14.932039,41.12057,239 14.932043,41.120551,239 14.93204,41.12053,239 14.932029,41.12051,239 14.932023,41.120494,239 14.93203,41.120501,239 14.932042,41.120516,240.2 14.932049,41.120523,240 14.932061,41.120538,240 14.932079,41.120626,239.8 14.932105,41.120677,239.8 14.932127,41.120704,239.8 14.93214,41.120738,239.8 14.932137,41.120756,239.8 14.932144,41.120782,239.8 14.932152,41.12081,240.2 14.932167,41.120836,240.2 14.93218,41.120865,240.2 14.932196,41.120892,240.2 14.932218,41.120953,240 14.932223,41.120978,240.2 14.932228,41.121008,240.4 14.932234,41.121072,240.4 14.932243,41.121101,240.4 14.932258,41.121126,240.2 14.932274,41.121146,240 14.932294,41.121162,240 14.932311,41.121178,240 14.932324,41.121193,240.2 14.932337,41.12121,240.2 14.932354,41.121229,240.2 14.932376,41.121248,240.4 14.932403,41.121263,240.4 14.932428,41.121283,240.4 14.932456,41.121305,240.4 14.932483,41.121323,240.4 14.932513,41.12134,240.4 14.932568,41.121382,240.4 14.932591,41.121403,240.4 14.932614,41.121423,240.4 14.932639,41.121442,240.2 14.932663,41.121458,240.2 14.932687,41.121475,240 14.932717,41.121498,240 14.932748,41.121526,239.8 14.93278,41.121553,239.8 14.932818,41.121567,239.6 14.932884,41.121597,239.2 14.932914,41.121616,239.2 14.932943,41.121635,238.8 14.932971,41.121652,238.6 14.933004,41.12167,238.6 14.933039,41.121681,238.6 14.933075,41.121704,238.4 14.933109,41.121734,238.2 14.933149,41.121765,238 14.933192,41.121796,237.8 14.933234,41.121826,237.6 14.93327,41.121855,237.4 14.933304,41.121883,237.2 14.933339,41.12191,237 14.933404,41.12197,236.8 14.933424,41.12199,236.6 14.933461,41.122022,236.4 14.933498,41.122055,236.2 14.933559,41.12212,236 14.933605,41.122177,235.6 14.933631,41.122206,235.2 14.93366,41.122239,235 14.933694,41.122283,234.8 14.933719,41.12231,234.6 14.933755,41.122356,234.4 14.933781,41.122385,234.4 14.933812,41.12242,234.2 14.933844,41.122454,234.2 14.933878,41.122486,234 14.933911,41.122526,234 14.933947,41.122557,233.8 14.933994,41.122592,233.6 14.934033,41.122614,233.6 14.934073,41.122635,233.4 14.934118,41.122655,233.2 14.934165,41.122667,233 14.93422,41.122671,233 14.934282,41.122676,232.8 14.934341,41.122671,232.6 14.934399,41.122645,232.6 14.934438,41.122608,232.6 14.934476,41.122538,232.4 14.93447,41.122472,232.4 14.934426,41.122413,232.2 14.934364,41.122376,232.2 14.934299,41.122347,232 14.934252,41.122333,231.8 14.93419,41.122303,231.4 14.934137,41.122274,231 14.934092,41.122247,230.2 14.934044,41.122218,229.2 14.93401,41.122191,228.4 14.933974,41.122167,228.2 14.933925,41.122127,227.8 14.933895,41.122099,227.6 14.933869,41.122084,227.4 14.933847,41.12206,227.4 14.933827,41.122036,227.4 14.93379,41.121995,227.2 14.933767,41.12197,227.2 14.933734,41.121932,227.4 14.93371,41.121903,227.4 14.933682,41.12187,227.4 14.933652,41.121842,227.4 14.933618,41.121806,227.4 14.933584,41.121767,227.2 14.933547,41.121735,227 14.933513,41.121703,227 14.933479,41.121676,227 14.933442,41.121646,226.8 14.933404,41.121609,226.8 14.933365,41.121573,226.8 14.933327,41.121534,226.6 14.93329,41.121495,226.4 14.93325,41.121456,226.2 14.93321,41.121422,226 14.933172,41.121391,225.6 14.933136,41.121355,225.6 14.933076,41.121287,225.2 14.933039,41.121247,225 14.93301,41.121204,224.8 14.932994,41.121164,224.6 14.932975,41.121117,224.4 14.932958,41.121077,224.2 14.932949,41.121034,224 14.932942,41.120996,224 14.932935,41.120955,223.6 14.932917,41.120911,223.6 14.932902,41.120856,223.4 14.932893,41.120804,223.2 14.932886,41.120751,223.2 14.932877,41.120699,223 14.932872,41.120655,222.8 14.932865,41.120599,222.8 14.932861,41.120539,222.8 14.932855,41.120459,222.4 14.932845,41.120399,222.2 14.932825,41.120287,221.8 14.932814,41.120223,221.4 14.932807,41.120173,221 14.932797,41.120113,220.8 14.932783,41.120039,220.4 14.932771,41.119975,220 14.932757,41.119915,219.8 14.932745,41.119855,218.8 14.932731,41.119796,218.4 14.932718,41.119737,218 14.932708,41.11968,218 14.932699,41.119617,217.8 14.932692,41.11955,217.4 14.932683,41.119491,217 14.932673,41.119434,216.8 14.932662,41.119392,216.2 14.932646,41.119323,215.8 14.932638,41.11926,215.6 14.932627,41.119196,215 14.932615,41.119133,214.4 14.932606,41.119066,214 14.932597,41.119001,213.6 14.932586,41.118931,213.2 14.932576,41.118874,212.8 14.932563,41.118789,212.4 14.932561,41.118714,212.2 14.932553,41.118636,211.6 14.932549,41.118574,211.2 14.932547,41.118491,210.6 14.932547,41.118381,210.2 14.932549,41.118295,209.8 14.932548,41.118206,209 14.932545,41.118117,208.6 14.932544,41.118024,208 14.932544,41.117822,207.4 14.932537,41.117723,207 14.932521,41.117614,206.2 14.932498,41.117506,205.6 14.932465,41.117398,204.8 14.932422,41.117292,204.2 14.932371,41.117191,203.6 14.932315,41.117099,203 14.932258,41.117008,202.2 14.932196,41.116922,201.4 14.932131,41.116838,200.8 14.932063,41.116759,200.4 14.931977,41.116689,200 14.931887,41.11663,199.6 14.931795,41.116591,199.2 14.931704,41.116558,198.8 14.931612,41.116533,198.6 14.931524,41.116508,198.2 14.931437,41.116475,198 14.931357,41.116459,197.8 14.93128,41.116442,197.8 14.931205,41.116419,197.6 14.931131,41.116399,197.6 14.93106,41.11638,197.6 14.930992,41.116364,197.4 14.930923,41.116359,197.2 14.930851,41.116353,196.8 14.930782,41.116348,196.2 14.930709,41.116345,196 14.930636,41.116353,195.8 14.930567,41.116365,195.6 14.930496,41.116381,195.2 14.930441,41.116393,194.8 14.930362,41.116412,194.2 14.930301,41.116433,194 14.930244,41.116453,193.8 14.930191,41.116472,193.8 14.930141,41.116491,193.8 14.930103,41.116512,193.8 14.930068,41.116534,193.8 14.93,41.116574,193.8 14.929965,41.116597,193.8 14.929924,41.116621,193.6 14.929897,41.116637,193.8 14.929858,41.116658,194 14.929806,41.116679,194 14.929755,41.116691,194 14.929705,41.116705,194.2 14.929666,41.116715,194.2 14.929618,41.11673,194.4 14.929566,41.116745,194.4 14.929514,41.116757,194.4 14.929463,41.116773,194.4 14.929412,41.11679,194.4 14.929306,41.11683,194.4 14.929245,41.11685,194.4 14.92917,41.116875,194.4 14.929116,41.116892,194.4 14.929046,41.11691,194.4 14.928972,41.116928,194.2 14.928881,41.116955,194 14.928802,41.116976,193.4 14.928735,41.116996,193 14.928654,41.11702,192.8 14.928569,41.117046,192.4 14.928401,41.117096,191.8 14.928316,41.117118,191.8 14.928232,41.117144,191.6 14.928066,41.117194,191.2 14.927966,41.117221,191.2 14.927901,41.117238,191 14.927822,41.117259,190.8 14.927751,41.117282,190.6 14.927685,41.117304,190.6 14.927622,41.117322,190.6 14.927563,41.11734,190.6 14.927504,41.117361,190.4 14.927442,41.117382,190.4 14.927378,41.117401,190.4 14.927314,41.117421,190.4 14.927255,41.117442,190.4 14.927198,41.117463,190.4 14.927083,41.117504,190.4 14.927025,41.117528,190.4 14.926968,41.117552,190.4 14.926908,41.117575,190.4 14.926849,41.117597,190.4 14.92679,41.117622,190.4 14.926736,41.117648,190.4 14.926684,41.117674,190.4 14.926634,41.117702,190.6 14.926586,41.117726,190.8 14.926542,41.117747,191 14.926498,41.117769,191 14.926455,41.11779,191.2 14.926407,41.117813,191.2 14.926373,41.117826,191.2 14.926331,41.117836,191.4 14.926288,41.11784,191.6 14.926249,41.117833,191.6 14.92622,41.117812,191.8 14.926203,41.117784,192.2 14.926194,41.117749,192.2 14.926192,41.117709,192.6 14.926188,41.117676,192.8 14.92618,41.117559,194 14.926182,41.117533,194.2 14.926186,41.117504,194.6 14.926186,41.117472,195 14.926183,41.117442,195 14.926182,41.117415,195.2 14.926182,41.117386,195.4 14.926183,41.117359,195.6 14.926181,41.117329,195.8 14.926181,41.117271,196.2 14.92618,41.11724,196.2 14.92618,41.117208,196.4 14.926179,41.117176,196.6 14.926179,41.117114,197 14.926173,41.11702,197.6 14.92617,41.116987,197.8 14.926167,41.116893,198.4 14.926167,41.116859,198.6 14.926169,41.116823,198.8 14.926168,41.116789,199 14.926165,41.116754,199.2 14.926165,41.116717,199.4 14.926163,41.116649,199.6 14.92616,41.116611,199.8 14.926155,41.116574,199.8 14.926148,41.116537,200.2 14.92614,41.1165,200.4 14.92613,41.116463,200.6 14.926119,41.116424,200.8 14.926107,41.116387,201 14.926092,41.116351,201.2 14.92608,41.116315,201.4 14.926067,41.116281,201.8 14.926051,41.116244,202 14.926039,41.116209,202.2 14.926023,41.116177,202.6 14.926007,41.116146,202.8 14.925988,41.116116,203 14.925973,41.116083,203.2 14.92596,41.11605,203.6 14.925934,41.115988,204.2 14.925919,41.115958,204.2 14.92591,41.115928,204.4 14.9259,41.115899,204.6 14.925881,41.115842,204.8 14.925873,41.115813,205.2 14.925865,41.115783,205.4 14.925849,41.115721,206 14.925829,41.115665,206.4 14.925821,41.115636,206.8 14.925808,41.115608,207 14.925794,41.115585,207.2 14.925785,41.115559,207.4 14.925777,41.115506,208 14.92576,41.115459,208.4 14.925753,41.115426,208.6 14.925746,41.115396,208.8 14.925739,41.115364,209 14.925733,41.115331,209.2 14.925735,41.115292,209.4 14.925734,41.115269,209.6 14.925731,41.11524,209.8 14.92573,41.115211,209.8 14.925735,41.115184,210 14.925744,41.115154,210.2 14.925753,41.115123,210.2 14.925762,41.115093,210.4 14.925777,41.115062,210.6 14.925795,41.115032,210.8 14.925814,41.115002,211 14.925851,41.114949,211.4 14.92587,41.114921,211.6 14.92589,41.114891,211.8 14.925909,41.114862,212 14.925932,41.114833,212.2 14.925957,41.114804,212.4 14.926003,41.114747,212.8 14.926024,41.114714,213 14.926045,41.114683,213.2 14.926063,41.114656,213.4 14.926085,41.114628,213.8 14.926111,41.114601,213.8 14.926135,41.114573,214 14.926159,41.114544,214.4 14.926186,41.114514,214.4 14.926218,41.114482,214.4 14.926245,41.11445,214.6 14.926267,41.114416,214.8 14.926285,41.114384,215 14.926303,41.114346,215.2 14.926322,41.11431,215.2 14.926344,41.114272,215.2 14.926364,41.114233,215.4 14.926392,41.114195,215.4 14.926414,41.114158,215.4 14.926434,41.114122,215.6 14.926454,41.114088,215.6 14.926472,41.114058,215.6 14.926494,41.114027,215.8 14.926514,41.113995,216 14.926529,41.113964,216.2 14.926542,41.113933,216.2 14.926555,41.113903,216.6 14.926568,41.113874,216.8 14.926586,41.113837,217 14.926599,41.113804,217.4 14.926607,41.113779,217.6 14.926616,41.113743,217.8 14.926629,41.113708,217.8 14.926642,41.113672,218 14.926664,41.113602,218.4 14.926682,41.113567,218.6 14.926695,41.113535,218.8 14.926707,41.113507,219 14.926719,41.113481,219.2 14.926727,41.113454,219.4 14.926735,41.113424,219.8 14.926751,41.113368,220.2 14.92676,41.113339,220.6 14.926766,41.113309,220.8 14.926772,41.113282,221 14.926781,41.113254,221.2 14.926795,41.1132,221.8 14.926801,41.113174,222 14.926805,41.11315,222.2 14.926811,41.113124,222.4 14.926818,41.113102,222.8 14.926823,41.11308,223 14.926826,41.113048,223.2 14.92683,41.113022,223.4 14.926836,41.112995,223.4 14.926843,41.112968,223.6 14.926849,41.112943,223.8 14.926859,41.112919,224 14.926871,41.112892,224.2 14.926877,41.112868,224.6 14.926885,41.112813,225.2 14.926893,41.112788,225.4 14.926901,41.112759,225.6 14.92691,41.112729,226 14.92692,41.112701,226.2 14.926928,41.112672,226.4 14.926936,41.112644,226.6 14.926948,41.112619,227 14.926958,41.112595,227.2 14.926969,41.112573,227.4 14.926982,41.11255,227.6 14.926994,41.112525,228 14.927007,41.112502,228.2 14.927019,41.112478,228.4 14.927031,41.112453,228.8 14.927043,41.112427,229 14.927058,41.112403,229 14.927075,41.112374,229.4 14.927095,41.112344,229.6 14.927116,41.112315,229.8 14.927141,41.112291,230 14.927168,41.112264,230.4 14.927199,41.112238,230.6 14.92723,41.112213,230.8 14.927259,41.112184,231 14.92729,41.112157,231.2 14.927318,41.112128,231.4 14.927349,41.112101,231.6 14.927378,41.112075,231.8 14.927406,41.112053,232 14.927432,41.11203,232.2 14.927454,41.112007,232.4 14.92748,41.111985,232.6 14.927508,41.111964,232.6 14.927539,41.111935,232.8 14.927571,41.111908,233 14.927603,41.111883,233 14.927636,41.111859,233.2 14.927671,41.111832,233.2 14.927707,41.111806,233.2 14.927739,41.111785,233.2 14.927762,41.111765,233.4 14.927794,41.111734,233.4 14.927817,41.111706,233.4 14.92784,41.111675,233.6 14.927865,41.111643,233.6 14.927886,41.111614,233.8 14.927907,41.111582,233.8 14.92792,41.111549,233.8 14.927929,41.111515,233.8 14.927937,41.111482,233.8 14.927944,41.11145,234 14.92795,41.111419,234 14.927958,41.111386,234.2 14.927966,41.111324,234.2 14.92797,41.111292,234.4 14.927975,41.111261,234.4 14.927979,41.111232,234.6 14.927985,41.111203,234.6 14.927984,41.111177,234.8 14.92798,41.111147,235 14.927982,41.11112,235.2 14.927988,41.111059,235.2 14.92799,41.111028,235.4 14.927988,41.110998,235.6 14.927987,41.110968,235.8 14.927984,41.110937,236 14.927978,41.11091,236.2 14.92797,41.110881,236.4 14.927967,41.110852,236.4 14.927961,41.110822,236.6 14.927948,41.110797,236.8 14.927935,41.110773,237 14.927912,41.110715,237.4 14.9279,41.110687,237.4 14.92789,41.110657,237.6 14.927877,41.110626,237.6 14.927859,41.110599,237.8 14.927835,41.110573,237.8 14.927811,41.110549,238 14.927785,41.110527,238.2 14.92773,41.110486,238.6 14.927701,41.110469,238.8 14.92767,41.110452,239 14.927638,41.110438,239 14.9276,41.110425,239.2 14.927559,41.110415,239.4 14.927519,41.110403,239.6 14.927479,41.110393,239.8 14.927438,41.110379,240 14.927401,41.110367,240.2 14.927362,41.110355,240.2 14.927318,41.110342,240.6 14.927276,41.110325,240.8 14.927192,41.110295,241 14.92715,41.110279,241.2 14.927109,41.110263,241.4 14.927067,41.110251,241.6 14.927028,41.110238,241.8 14.92695,41.110208,242 14.926912,41.110194,242.2 14.926875,41.110182,242.4 14.926834,41.110166,242.4 14.926792,41.110152,242.6 14.926754,41.110146,242.8 14.926715,41.110139,243 14.926673,41.11013,243 14.926632,41.110117,243 14.926594,41.110102,243.2 14.926556,41.110082,243.4 14.926518,41.110064,243.4 14.926481,41.110047,243.6 14.926446,41.110029,243.8 14.926416,41.11001,244 14.926385,41.10999,244.2 14.926356,41.109968,244.2 14.926328,41.109942,244.4 14.926304,41.109914,244.4 14.926282,41.109882,244.6 14.926261,41.109848,244.8 14.926245,41.109814,245 14.926226,41.109781,245 14.926203,41.109749,245.2 14.92618,41.109719,245.4 14.926158,41.109687,245.6 14.926138,41.109652,245.6 14.926119,41.109618,245.8 14.926103,41.109584,246 14.926083,41.109552,246.2 14.926064,41.10952,246.2 14.926045,41.109489,246.2 14.926028,41.109454,246.4 14.926013,41.109422,246.4 14.925997,41.109389,246.6 14.925981,41.109352,246.8 14.925964,41.109319,247 14.925948,41.109286,247 14.925917,41.109226,247.4 14.925903,41.1092,247.6 14.925891,41.109174,247.8 14.925879,41.109147,247.8 14.925862,41.109114,248 14.925843,41.109083,248.2 14.925826,41.10905,248.4 14.925811,41.109017,248.4 14.925794,41.108985,248.4 14.925776,41.108955,248.6 14.925759,41.10892,248.8 14.925722,41.108871,249 14.925696,41.108843,249.2 14.925668,41.108816,249.4 14.925646,41.10879,249.4 14.925623,41.108764,249.6 14.925596,41.108742,249.6 14.925569,41.108719,249.8 14.92554,41.108693,250 14.92551,41.108669,250.2 14.925478,41.108649,250.4 14.925449,41.108632,250.4 14.925422,41.108615,250.6 14.925391,41.108597,250.6 14.925362,41.108579,250.8 14.925335,41.108557,250.6 14.925303,41.108534,250.8 14.925267,41.10851,251 14.925232,41.10849,251.2 14.925198,41.108472,251.4 14.925166,41.108452,251.6 14.925135,41.108427,251.8 14.925102,41.108409,252 14.925065,41.108381,252.2 14.925037,41.108362,252.4 14.924996,41.108335,252.6 14.924964,41.108311,252.6 14.924937,41.108291,252.8 14.924901,41.108261,253 14.924866,41.108237,253.2 14.924832,41.108215,253.2 14.924791,41.108185,253.6 14.924759,41.108156,253.8 14.924732,41.108135,254 14.924699,41.10811,254.2 14.924673,41.10809,254.4 14.924631,41.108061,254.6 14.924604,41.10804,254.6 14.924576,41.108012,254.8 14.924546,41.107977,255 14.924529,41.107953,255.2 14.924509,41.107916,255.4 14.924498,41.107894,255.4 14.924487,41.107863,255.8 14.924478,41.107829,256 14.924477,41.107795,256.2 14.924482,41.107763,256.4 14.924496,41.10773,256.6 14.924509,41.107698,256.6 14.924524,41.107667,257 14.924543,41.107635,257.2 14.92456,41.107602,257.2 14.924581,41.107571,257.4 14.924621,41.107507,257.8 14.924643,41.107478,258 14.92467,41.107452,258.2 14.924701,41.107419,258.6 14.924723,41.107397,258.8 14.924749,41.10737,259 14.924775,41.107345,259 14.924808,41.107316,259.2 14.924832,41.107289,259.4 14.924846,41.107266,259.4 14.924869,41.107237,259.6 14.924892,41.10721,259.8 14.924914,41.107183,260 14.924938,41.107148,260.2 14.924955,41.107127,260.4 14.924981,41.107093,260.6 14.925016,41.107039,261 14.925032,41.107006,261 14.925051,41.106978,261.4 14.925069,41.106955,261.4 14.925086,41.10693,261.6 14.925106,41.106908,261.8 14.925125,41.106884,262 14.925144,41.106854,262 14.925162,41.106829,262 14.925178,41.106799,262.2 14.925193,41.106769,262.4 14.925216,41.106712,262.8 14.925222,41.106681,263 14.925232,41.106647,263.2 14.92524,41.106625,263.4 14.925244,41.106571,263.8 14.925247,41.106541,263.8 14.925248,41.106512,264 14.925257,41.106454,264.4 14.925273,41.106392,264.8 14.92528,41.106361,265 14.925285,41.106328,265.2 14.925293,41.106259,265.4 14.9253,41.106224,265.6 14.925306,41.10619,265.8 14.925313,41.106153,266.2 14.925318,41.106116,266.2 14.925321,41.10608,266.2 14.925322,41.10604,266.2 14.925321,41.106001,266.4 14.925318,41.10596,266.6 14.925312,41.105919,266.8 14.925302,41.105882,267 14.925284,41.105844,267.2 14.925265,41.105809,267.4 14.925241,41.105775,267.6 14.925219,41.105737,267.8 14.925199,41.105701,268 14.925169,41.105669,268.2 14.925134,41.10564,268.4 14.925097,41.10561,268.4 14.92506,41.105583,268.8 14.925022,41.105556,268.8 14.924987,41.105528,269.2 14.92495,41.1055,269.4 14.924912,41.105474,269.6 14.924828,41.10541,270.2 14.924762,41.10536,270.4 14.924716,41.105327,270.4 14.924686,41.105307,270.6 14.924649,41.105284,270.8 14.924606,41.105256,271 14.924571,41.105232,271.2 14.924543,41.105214,271.4 14.92451,41.105191,271.6 14.924444,41.10514,272 14.924412,41.105118,272.2 14.924381,41.105091,272.2 14.924351,41.105067,272.4 14.924317,41.105038,272.6 14.92429,41.105014,272.8 14.924268,41.104996,272.8 14.924215,41.104945,273 14.924202,41.104928,273.2 14.924153,41.104886,273.4 14.924133,41.104863,273.6 14.924116,41.104842,273.8 14.924101,41.104826,273.8 14.924089,41.104806,274 14.924078,41.104782,274 14.924078,41.104765,274 14.924091,41.10474,274.2 14.924116,41.104718,274.2 14.92417,41.104681,274.4 14.92419,41.104668,274.4 14.924206,41.104651,274.4 14.924223,41.10463,274.4 14.924241,41.104609,274.4 14.924263,41.10459,274.4 14.924284,41.104569,274.4 14.924309,41.104547,274.4 14.924339,41.104519,274.4 14.924392,41.104473,274.4 14.92442,41.104448,274.4 14.924525,41.104347,274.2 14.924553,41.104318,274.2 14.924581,41.104287,274 14.924608,41.104256,274 14.924663,41.104197,273.8 14.924716,41.104142,273.8 14.92474,41.104115,273.6 14.924758,41.104083,273.6 14.924769,41.104048,273.4 14.924782,41.104025,273.2 14.924797,41.103994,273.2 14.924814,41.103963,273 14.924831,41.103933,273 14.924865,41.103875,272.8 14.92488,41.103843,272.8 14.924897,41.103813,272.8 14.924913,41.103786,272.8 14.924928,41.103757,272.6 14.924947,41.103718,272.6 14.92496,41.103694,272.6 14.924975,41.103664,272.6 14.924989,41.103633,272.4 14.925002,41.103602,272.4 14.925016,41.103574,272.4 14.925031,41.103542,272.4 14.925044,41.10351,272.4 14.925058,41.103477,272.4 14.925072,41.103445,272.2 14.925088,41.103411,272.2 14.925119,41.103339,272.2 14.925136,41.103304,272.2 14.92515,41.103267,272.2 14.925165,41.103226,272 14.925177,41.103202,272 14.925189,41.103171,272 14.925204,41.103138,272 14.925214,41.103106,272 14.92522,41.103071,272 14.925228,41.103034,272 14.925235,41.102993,272 14.92524,41.102954,272 14.925246,41.102918,272 14.925255,41.102884,272 14.925262,41.102851,272 14.925267,41.102819,272 14.925271,41.102754,272 14.925275,41.102682,272 14.925279,41.102614,272 14.92528,41.102579,272 14.925284,41.102506,272 14.925287,41.10247,272 14.925293,41.102437,272 14.925297,41.102402,271.8 14.925296,41.102365,271.8 14.925298,41.102327,271.8 14.925305,41.102284,271.8 14.925308,41.10226,271.8 14.925313,41.10223,271.8 14.925319,41.102197,271.8 14.925325,41.102166,271.8 14.92533,41.102134,271.8 14.925333,41.102102,271.8 14.925337,41.102072,271.8 14.925342,41.102044,271.8 14.925346,41.102015,271.8 14.925349,41.101987,271.8 14.925351,41.101959,271.8 14.925356,41.101929,271.8 14.925364,41.101897,271.8 14.92537,41.101864,271.8 14.92538,41.101794,271.8 14.925386,41.101721,271.6 14.925393,41.101682,271.6 14.925401,41.10164,271.6 14.925409,41.101595,271.6 14.925417,41.101547,271.6 14.925419,41.101497,271.6 14.925424,41.101444,271.6 14.92543,41.101392,271.6 14.925435,41.101338,271.6 14.92544,41.101281,271.6 14.92544,41.101225,271.4 14.925437,41.101168,271.4 14.925436,41.101113,271.4 14.925438,41.101057,271.2 14.925436,41.100964,271 14.925433,41.100922,271 14.92543,41.100884,270.8 14.92542,41.100808,270.6 14.925415,41.100768,270.6 14.925408,41.100725,270.4 14.925399,41.100685,270.4 14.925393,41.100643,270.2 14.925392,41.100605,270.2 14.925398,41.100573,270.2 14.925407,41.100545,269.8 14.925421,41.10052,269.8 14.925438,41.100497,269.6 14.925457,41.100475,269.6 14.925479,41.100454,269.4 14.925506,41.100431,269.4 14.925535,41.100405,269.4 14.925572,41.100379,269.2 14.92562,41.100354,269 14.925677,41.10033,269 14.925742,41.100305,268.8 14.925811,41.100276,268.8 14.925874,41.100248,268.6 14.925928,41.100229,268.6 14.925974,41.100211,268.4 14.926016,41.10019,268.2 14.926057,41.100166,268 14.926083,41.100149,268 14.92616,41.100102,267.8 14.926202,41.100075,267.6 14.926248,41.100049,267.4 14.926292,41.10002,267.4 14.926339,41.09999,267.4 14.926387,41.099957,267.2 14.926431,41.099921,267 14.926474,41.099881,267 14.926521,41.099847,266.8 14.926571,41.099813,266.6 14.92662,41.09978,266.6 14.926668,41.099745,266.4 14.926715,41.099707,266.4 14.926763,41.099667,266.2 14.92681,41.099628,266 14.926857,41.099588,265.8 14.926906,41.099545,265.8 14.926954,41.09951,265.6 14.926999,41.099477,265.4 14.927046,41.099447,265.4 14.92709,41.09942,265.2 14.927128,41.099396,265 14.927161,41.09937,265 14.92719,41.099346,265 14.92722,41.099318,264.8 14.927291,41.099247,264.6 14.927336,41.0992,264.6 14.927369,41.099164,264.4 14.927415,41.099117,264.4 14.927468,41.099068,264.4 14.927528,41.09901,264.4 14.927564,41.098977,264.2 14.927607,41.09894,264 14.927645,41.098905,263.4 14.927683,41.098874,263.2 14.927718,41.098844,262.8 14.927761,41.098809,262 14.927791,41.09878,261.6 14.927828,41.098742,261 14.92787,41.098706,260.6 14.927913,41.098665,260.2 14.927966,41.098617,260 14.928012,41.098573,259.6 14.928049,41.09853,259.2 14.928093,41.09849,258.8 14.928139,41.098453,258.8 14.928183,41.09842,258.4 14.92823,41.098387,258.2 14.928274,41.098352,257.6 14.928317,41.098315,257.2 14.928361,41.09828,256.8 14.928412,41.098251,256.2 14.92847,41.098214,255.6 14.928524,41.098184,255.2 14.92857,41.09816,254.6 14.928612,41.098134,254.4 14.928646,41.098119,253.8 14.928696,41.098092,253.2 14.928745,41.098062,252.8 14.9288,41.098029,252.4 14.928852,41.098,252 14.928938,41.097949,251.6 14.929019,41.097903,251.2 14.929107,41.097857,250.8 14.929179,41.097819,250.4 14.929285,41.09776,250 14.929366,41.097719,249.4 14.929444,41.097681,249 14.929517,41.097644,248.2 14.92957,41.097617,248.2 14.929635,41.097581,247.6 14.929695,41.097547,246.6 14.929751,41.097513,245.6 14.929807,41.097484,244.6 14.92987,41.097451,243.8 14.92991,41.097432,243 14.929962,41.097402,242.2 14.93002,41.097361,241.4 14.930059,41.097336,240.6 14.930118,41.097293,240 14.930207,41.097239,238.6 14.930257,41.097204,238 14.930291,41.097178,237.2 14.930353,41.097132,235.6 14.930388,41.097102,234.8 14.930423,41.097071,234 14.930459,41.09704,233 14.930493,41.097009,232.2 14.930525,41.096978,231.2 14.930555,41.096948,230.6 14.930586,41.096921,229.8 14.930644,41.096867,229 14.930671,41.096841,228.4 14.930698,41.096814,227.8 14.930728,41.096786,227.2 14.930762,41.096757,226.4 14.930804,41.096722,225.8 14.930836,41.096695,225 14.930871,41.096662,224.4 14.930903,41.09663,223.8 14.930937,41.0966,223.2 14.930973,41.096575,222.6 14.931008,41.096551,222 14.931047,41.096529,221.4 14.931089,41.096507,220.8 14.931131,41.096483,220 14.931169,41.096462,219.4 14.931208,41.096443,218.6 14.931239,41.096424,217.6 14.931275,41.096413,217 14.931311,41.096403,216.2 14.931344,41.096396,215.6 14.931376,41.096386,214.6 14.931412,41.096378,213.6 14.931453,41.096368,213.6 14.931496,41.09636,212.8 14.931549,41.096355,212 14.931609,41.09635,211.4 14.93169,41.096339,210.6 14.931748,41.096328,210 14.931817,41.096307,209.2 14.931891,41.096285,208.6 14.931968,41.096262,207.8 14.932045,41.096243,207 14.932113,41.096223,205.8 14.932176,41.096205,205 14.932204,41.096199,204.2 14.932234,41.096192,203.4 14.932258,41.096182,202.2 14.932262,41.096173,201.2 14.932255,41.096163,200 14.932239,41.096159,198.6 14.932222,41.096154,197.6 14.932203,41.096136,196.8 14.932189,41.096117,196.4 14.932131,41.096056,195.6 14.932126,41.096036,195.6 14.932112,41.096013,195.6 14.932097,41.095987,195.6 14.932086,41.095971,195.4 14.932076,41.095953,195.4 14.932066,41.095929,195.4 14.932056,41.095903,195.4 14.932045,41.095887,195.4 14.932035,41.095868,195.4 14.932027,41.095846,195.6 14.932018,41.095797,195.6 14.93201,41.095771,195.6 14.932004,41.095749,195.6 14.931997,41.095725,195.8 14.931994,41.095699,195.8 14.931993,41.095669,195.8 14.931991,41.095644,195.8 14.931986,41.095624,195.8 14.93198,41.095603,195.8 14.931973,41.095584,195.8 14.931968,41.095563,196 14.931966,41.095536,196 14.931962,41.095507,196.2 14.931958,41.095484,196.2 14.93195,41.095449,196.2 14.931945,41.095429,196.2 14.931939,41.0954,196.2 14.931942,41.095383,196.2 14.93194,41.095356,196.2 14.931944,41.095336,196.4 14.931947,41.095317,196.4 14.931949,41.095289,196.4 14.93195,41.095261,196.4 14.931954,41.095234,196.4 14.931957,41.095208,196.6 14.931962,41.095178,196.6 14.93197,41.095126,196.6 14.931979,41.095098,196.6 14.931985,41.095068,196.8 14.931995,41.095034,196.6 14.932004,41.095012,196.6 14.932015,41.094987,196.6 14.932026,41.094963,196.6 14.932035,41.094942,196.6 14.932045,41.094921,196.6 14.932054,41.094901,196.6 14.932063,41.09488,196.6 14.932069,41.094863,196.6 14.932081,41.094832,196.8 14.932081,41.094817,196.8 14.932077,41.094795,196.8 14.932075,41.094778,196.8 14.932078,41.094762,196.8 14.93208,41.094743,196.8 14.932081,41.094723,196.8 14.932083,41.094703,196.8 14.932084,41.094685,196.8 14.932089,41.094665,196.8 14.932097,41.094641,196.8 14.93211,41.094615,196.8 14.932119,41.094592,196.8 14.932133,41.094565,196.8 14.932148,41.094543,196.8 14.932165,41.094527,196.8 14.932179,41.094516,196.8 14.932195,41.094501,196.8 14.932213,41.094482,196.6 14.932242,41.094431,196.4 14.932255,41.094404,196.4 14.932265,41.094378,196.2 14.932268,41.094356,196.2 14.932264,41.094334,196.2 14.932255,41.09432,196.2 14.932249,41.094306,196.2 14.932249,41.094295,196.2 14.932251,41.094282,196.2 14.932258,41.094263,196.2 14.932272,41.094248,196.2 14.932291,41.094236,196.2 14.932316,41.094222,196.4 14.932316,41.094213,196.6 14.932319,41.09421,196.2 14.932323,41.094201,196.2 14.932324,41.09419,196.2 14.932328,41.09417,195.4 14.93233,41.094163,195.4 14.932338,41.094141,195.4 14.932336,41.094116,195.4 14.93234,41.094105,195.4 14.932346,41.094096,195.4 14.932349,41.094094,195.4 14.932368,41.094094,195.8 14.932386,41.094092,195.8 14.932414,41.094091,195.8 14.932443,41.094087,195.8 14.932481,41.094081,195.8 14.932514,41.094077,195.8 14.932538,41.094073,195.8 14.932566,41.09406,195.8 14.932587,41.094039,195.8 14.932606,41.094014,195.8 14.932615,41.093994,195.6 14.932628,41.093963,195.6 14.932643,41.093941,195.6 14.932655,41.093922,195.4 14.932666,41.093902,195.4 14.932674,41.093889,195.2 14.932685,41.093873,195 14.932687,41.093869,194.6 14.932686,41.093864,193.8 14.93269,41.09385,193.6 14.932698,41.093833,193.6 14.932709,41.093812,193.6 14.932716,41.093795,193.8 14.932722,41.093778,193.8 14.932727,41.093757,193.8 14.932728,41.093739,193.8 14.932728,41.093693,193.8 14.932729,41.093684,193.8 14.932728,41.093679,193.8 14.932723,41.093689,194.6 14.93272,41.093678,194.8 14.932713,41.093678,194.8 14.932697,41.093682,194.8 14.932683,41.093686,194.8 14.932676,41.093684,194.8 14.932668,41.093683,194.8 14.932659,41.093679,194.8 14.93265,41.093671,194.8 14.932627,41.093656,195 14.932619,41.093653,195 14.932609,41.093648,195.4 14.93261,41.093644,195.6 14.932608,41.093638,196 14.932608,41.093629,196.4 14.932617,41.09361,196.6 14.932626,41.093601,196.6 14.932634,41.093586,196.6 14.932641,41.093571,196.8 14.932655,41.093538,196.8 14.932664,41.093518,196.8 14.932676,41.093481,196.8 14.932682,41.09346,196.8 14.932689,41.093439,196.8 14.932694,41.093417,196.8 14.932702,41.093397,196.8 14.932709,41.093376,196.8 14.932717,41.093354,196.8 14.932727,41.093333,197 14.932738,41.093311,197 14.932744,41.093289,197 14.932752,41.093268,197 14.932761,41.093242,197.2 14.932765,41.093226,197.2 14.932773,41.093206,197.2 14.932778,41.093185,197.4 14.932784,41.093163,197.4 14.932791,41.09314,197.4 14.932799,41.093119,197.4 14.932807,41.093099,197.4 14.932812,41.093076,197.4 14.932817,41.093055,197.6 14.932824,41.093036,197.6 14.932833,41.093018,197.6 14.932846,41.093002,197.8 14.932858,41.092985,197.8 14.932874,41.092968,197.8 14.932883,41.092956,198 14.932892,41.092942,198 14.9329,41.092923,198 14.932904,41.092909,198 14.932907,41.092873,198 14.93291,41.092853,198 14.932911,41.092837,198 14.932918,41.092802,198 14.932922,41.092785,198 14.932922,41.092764,198 14.93292,41.092748,198 14.932924,41.092733,198 14.932927,41.092728,198 14.932931,41.092726,198.2 14.932934,41.092721,198.2 14.932936,41.092712,198.2 14.932942,41.092701,198.2 14.932944,41.092691,198.2 14.932955,41.092644,198 14.93296,41.092627,198 14.932962,41.092608,198 14.932963,41.09259,198 14.932965,41.092569,198 14.932969,41.092549,198 14.932974,41.092528,198 14.932979,41.092511,198 14.932985,41.092486,198 14.932995,41.092459,198 14.933002,41.092435,198.2 14.933008,41.092413,198.2 14.933009,41.092388,198.2 14.933009,41.092366,198.2 14.933012,41.092346,198.2 14.933013,41.092331,198.2 14.933013,41.092292,198.2 14.933012,41.092275,198.2 14.933014,41.092258,198.2 14.933022,41.092236,198.2 14.933037,41.092216,198.2 14.933054,41.092195,198.2 14.933073,41.092169,198.2 14.933081,41.092154,198.2 14.933088,41.092104,198.2 14.933086,41.092085,198.2 14.933085,41.092062,198 14.933082,41.092041,197.8 14.933074,41.092021,197.8 14.933069,41.091996,197.8 14.933066,41.091973,197.8 14.933059,41.091951,197.8 14.933053,41.09193,197.6 14.933049,41.091909,197.6 14.933049,41.091867,197.6 14.933052,41.091849,197.6 14.933071,41.091828,197.6 14.933086,41.091806,197.8 14.933098,41.091783,197.8 14.933114,41.091748,198 14.933125,41.091719,198.2 14.933135,41.091683,198.4 14.933147,41.091642,198.6 14.933159,41.091608,198.8 14.933175,41.091572,199 14.933192,41.091537,199 14.933207,41.091501,199 14.933229,41.091437,199.2 14.933238,41.091397,199.2 14.933249,41.091358,199.2 14.933259,41.091321,199.2 14.933271,41.091283,199.2 14.933282,41.091247,199.2 14.933291,41.091209,199.2 14.933297,41.091169,199.4 14.933305,41.09113,199.4 14.933317,41.09109,199.4 14.933327,41.091052,199.6 14.933339,41.091015,199.8 14.933346,41.090983,200 14.933352,41.090949,200 14.933362,41.090916,200.2 14.933371,41.090881,200.4 14.933376,41.090847,200.4 14.933382,41.090811,200.6 14.933386,41.090771,200.8 14.933394,41.090731,201 14.933407,41.090691,201.2 14.93342,41.09065,201.4 14.93343,41.090608,201.8 14.93344,41.090569,202 14.933446,41.090534,202.2 14.93345,41.090499,202.2 14.933453,41.090464,202.4 14.933451,41.090424,202.4 14.933444,41.090389,202.6 14.933435,41.090353,202.8 14.933434,41.090317,202.8 14.933445,41.090282,203.2 14.933466,41.090246,203.4 14.933484,41.090209,203.4 14.933499,41.090176,203.6 14.933515,41.090144,203.6 14.933527,41.090114,203.8 14.933537,41.090077,203.8 14.933546,41.090038,204 14.933552,41.089998,204 14.93356,41.089959,204 14.933564,41.089916,204 14.933568,41.089875,204.2 14.93357,41.089837,204.2 14.933569,41.089803,204.2 14.933571,41.089774,204.2 14.933583,41.089745,204.4 14.933601,41.089719,204.4 14.933625,41.0897,204.4 14.933645,41.089682,204.6 14.933667,41.089663,204.6 14.933692,41.089645,204.6 14.933717,41.089625,204.6 14.933747,41.089603,204.6 14.933775,41.08958,204.6 14.933801,41.089554,204.6 14.933826,41.089526,204.8 14.933854,41.089501,204.8 14.933879,41.089473,204.8 14.933902,41.089444,204.8 14.933928,41.089415,204.8 14.933956,41.089387,204.8 14.93398,41.089357,204.8 14.934002,41.08933,204.8 14.934022,41.089301,204.8 14.93407,41.089249,204.8 14.934092,41.08922,204.8 14.934112,41.089196,204.6 14.934136,41.089168,204.6 14.934158,41.089142,204.6 14.934172,41.089112,204.6 14.934175,41.089081,204.6 14.934174,41.089062,204.6 14.934171,41.08904,204.4 14.934151,41.089035,204.2 14.934126,41.089031,204.2 14.934067,41.089023,204.4 14.934043,41.089017,204.4 14.934023,41.089009,204.4 14.934001,41.089003,204.4 14.933981,41.088994,204.4 14.933967,41.08898,204.4 14.933962,41.088962,204.4 14.933967,41.088943,204.4 14.933977,41.088923,204.4 14.933996,41.088902,204.6 14.93402,41.088878,204.8 14.934044,41.088852,205 14.934069,41.088822,205.2 14.934098,41.088789,205.4 14.934154,41.088727,205.6 14.93418,41.088699,205.6 14.934203,41.088669,205.6 14.93423,41.088639,205.6 14.934259,41.08861,205.8 14.934285,41.08858,205.8 14.934334,41.088517,205.8 14.934381,41.088458,205.8 14.934406,41.08843,205.8 14.934435,41.088405,205.8 14.934467,41.088383,205.8 14.9345,41.088359,205.8 14.934529,41.088334,205.8 14.934557,41.088308,205.8 14.934584,41.08828,205.8 14.934619,41.088252,205.8 14.934656,41.08822,205.8 14.934695,41.088188,205.8 14.934739,41.088153,205.8 14.934788,41.088115,205.8 14.934836,41.088077,205.6 14.934884,41.088042,205.6 14.934927,41.088008,205.6 14.934969,41.087975,205.4 14.935008,41.087942,205.2 14.935042,41.08791,205.2 14.935072,41.087881,204.8 14.935092,41.087855,203.8 14.935098,41.08783,203.4 14.935091,41.08781,202.8 14.935077,41.087793,202.4 14.935056,41.087779,202.2 14.93503,41.087761,202 14.935006,41.087744,202 14.934981,41.087734,201.8 14.934959,41.087724,201.8 14.934934,41.087713,201.8 14.934903,41.087701,201.8 14.934882,41.087691,201.8 14.934862,41.087684,201.8 14.934844,41.087679,201.8 14.934811,41.087668,201.8 14.934782,41.087658,202 14.934722,41.087635,202 14.934691,41.087622,202 14.934666,41.087613,202 14.934642,41.087602,202.2 14.934616,41.087588,202.2 14.93459,41.087576,202.2 14.934539,41.087555,202.2 14.934515,41.087543,202.4 14.934495,41.08753,202.4 14.934479,41.087518,202.4 14.934462,41.087504,202.6 14.934449,41.087491,202.8 14.934433,41.087478,203 14.934424,41.08747,203 14.934413,41.087455,203.2 14.934401,41.087443,203.2 14.93439,41.087433,203.4 14.934389,41.08743,203.6 14.934383,41.087429,203.8 14.934367,41.087423,203.8 14.934342,41.087413,203.8 14.934337,41.087416,204 14.934327,41.08742,204 14.934313,41.087413,204 14.934299,41.087409,204 14.934278,41.087401,204 14.934274,41.0874,204 14.934275,41.087402,204 14.934269,41.087406,204 14.934256,41.087409,204 14.934248,41.087412,203.8 14.93424,41.087421,203.8 14.934229,41.087435,203.8 14.934215,41.08745,203.8 14.934202,41.08746,203.8 14.934184,41.087475,203.8 14.934168,41.087494,203.8 14.934159,41.087515,203.8 14.934152,41.087537,203.8 14.934143,41.08756,203.8 14.934128,41.087578,203.8 14.934111,41.087592,203.8 14.934087,41.087607,203.8 14.934053,41.087623,203.8 14.934027,41.087631,203.8 14.933995,41.087644,204 14.93396,41.087656,204.2 14.933928,41.087666,204.6 14.933895,41.087669,204.6 14.93387,41.087672,204.6 14.933837,41.087669,205 14.933814,41.087662,205.2 14.933789,41.087654,205.2 14.933769,41.087642,205.4 14.933751,41.087627,205.6 14.933738,41.087609,205.8 14.933725,41.087592,206.2 14.933684,41.087553,206.4 14.933663,41.087534,206.8 14.933646,41.087516,207 14.933631,41.087492,207.2 14.933609,41.087446,207.4 14.933597,41.087391,207.4 14.933589,41.087367,207.4 14.933588,41.087347,207.4 14.9336,41.087328,207.4 14.933614,41.087315,207.4 14.933628,41.087307,207.4 14.933653,41.087297,207.4 14.933669,41.087288,207.4 14.933685,41.087273,207.4 14.933699,41.087263,207.2 14.93373,41.087252,207 14.933762,41.087241,206.8 14.933795,41.08723,206.4 14.933819,41.08722,206.2 14.933841,41.087207,205.8 14.933859,41.087189,205.6 14.933861,41.087177,205.4 14.933853,41.087164,205.2 14.933831,41.08715,205.2 14.933807,41.087143,205.2 14.933782,41.087137,205.2 14.933763,41.087135,205.2 14.933734,41.087127,205.2 14.933706,41.087118,205.2 14.933675,41.087106,205.2 14.933641,41.087097,205.2 14.933609,41.087088,205.2 14.933579,41.087075,205.2 14.933558,41.087062,205.2 14.933513,41.087031,205.2 14.933494,41.087016,205.2 14.933475,41.087002,205.2 14.933457,41.08699,205.2 14.933426,41.086974,205.2 14.933398,41.086963,205.4 14.933371,41.086958,205.4 14.933347,41.086958,205.6 14.933327,41.086959,205.6 14.933309,41.086956,205.8 14.933293,41.086951,205.8 14.933279,41.086941,205.8 14.933258,41.086906,206 14.933243,41.086889,206 14.93322,41.086875,206.2 14.933197,41.086864,206.2 14.933175,41.086855,206.2 14.933152,41.086844,206.2 14.933127,41.08683,206.4 14.933105,41.086814,206.4 14.933088,41.086803,206.4 14.933073,41.086788,206.4 14.933059,41.086777,206.4 14.933038,41.086757,206.4 14.933,41.086716,206.4 14.932988,41.086708,206.4 14.932978,41.086697,206.6 14.932944,41.086672,206.6 14.932938,41.086666,206.8 14.932937,41.086663,206.8 14.932941,41.086664,206.8 14.932938,41.086669,207.2 14.932941,41.086667,207.2 14.932943,41.086659,207.2 14.932934,41.086657,207.2 14.932919,41.086657,207.2 14.932898,41.086654,207.2 14.93287,41.086655,207.2 14.932843,41.086663,207.2 14.932821,41.08667,207.2 14.932795,41.086676,207.2 14.932772,41.086684,207.2 14.932753,41.086692,207.2 14.932733,41.086702,207.2 14.932691,41.086713,207.4 14.932671,41.086715,207.4 14.932655,41.086713,207.4 14.93263,41.086715,207.6 14.93261,41.086714,207.8 14.932595,41.086705,208.2 14.93258,41.086692,208.2 14.932568,41.086673,208.4 14.932562,41.08665,210.6 14.932556,41.086643,210.6 14.932553,41.086637,210.6 14.932551,41.086627,210.6 14.932545,41.086585,210.6 14.932548,41.086565,210.6 14.932559,41.086546,210.6 14.932574,41.086535,210.6 14.932599,41.086524,210.6 14.93263,41.086517,210.6 14.93265,41.086516,210.4 14.93266,41.086518,206.8 14.932669,41.086522,206.8 14.932672,41.086527,206.8 14.932659,41.086539,206.8 14.932646,41.086541,206.8 14.932625,41.086534,206.8 14.932609,41.08652,206.8 14.932594,41.086506,206.8 14.93256,41.086465,206.8 14.93254,41.086442,206.8 14.932516,41.08642,206.8 14.932491,41.086395,206.8 14.932467,41.086369,207 14.932447,41.086339,207 14.932428,41.086314,207 14.932408,41.086287,207 14.932387,41.08626,207 14.932361,41.086229,207 14.932342,41.086208,207 14.93232,41.086181,207 14.932297,41.086155,207 14.932271,41.086127,207 14.932246,41.086093,207 14.932223,41.086061,207 14.932198,41.086028,207 14.932172,41.085999,206.8 14.932143,41.085972,206.6 14.93211,41.085945,206.4 14.932075,41.085921,206.2 14.932008,41.085864,206 14.931975,41.085837,205.8 14.931949,41.085816,205.4 14.931927,41.085808,205 14.931912,41.085806,205 14.931902,41.085812,204.8 14.931897,41.085831,204.6 14.931906,41.085846,204.4 14.931918,41.085861,204.2 14.931932,41.085876,204.2 14.931944,41.085883,204 14.931955,41.085896,204 14.931972,41.085934,204 14.931983,41.085955,204 14.931988,41.085969,204 14.931993,41.085989,204 14.931999,41.086009,204 14.93201,41.086026,204 14.932018,41.086044,204 14.932026,41.086063,204.2 14.932032,41.086079,204.4 14.932038,41.086098,204.6 14.932048,41.086117,205 14.932061,41.086136,205.2 14.932069,41.086155,205.4 14.932075,41.086176,205.6 14.932079,41.086195,206 14.932087,41.086215,206.2 14.93209,41.086235,206.2 14.932092,41.086275,206.6 14.932091,41.086293,206.8 14.932094,41.08631,207 14.9321,41.086326,207.2 14.932109,41.086346,207.4 14.932114,41.086365,207.6 14.932115,41.086384,207.8 14.932119,41.086403,208.2 14.932125,41.086446,208.8 14.932128,41.086475,209 14.932131,41.086497,209.2 14.932136,41.086521,209.4 14.932144,41.086541,209.6 14.932152,41.086565,209.8 14.932157,41.086585,210 14.932164,41.086605,210.2 14.932168,41.086626,210.4 14.932169,41.086646,210.6 14.932164,41.086661,210.8 14.932156,41.086679,211 14.932149,41.086696,211 14.932143,41.086714,211 14.932134,41.086731,211.2 14.932129,41.086748,211.2 14.932127,41.086763,211.4 14.932124,41.086779,211.6 14.932122,41.086795,211.8 14.932119,41.086806,212 14.932116,41.086811,212.2 14.932098,41.086818,214 14.932085,41.086826,214 14.93207,41.086837,214 14.932054,41.086846,214 14.932041,41.086856,214 14.932031,41.086866,214 14.932021,41.086875,214 14.932014,41.08688,214 14.93203,41.086844,211.2 14.931995,41.086866,211.4 14.931957,41.086886,211.6 14.931917,41.086904,212 14.931871,41.086921,212.2 14.93178,41.086952,212.6 14.931733,41.086969,212.8 14.931688,41.086988,213 14.931641,41.087006,213.2 14.931593,41.087022,213.2 14.931546,41.087038,213.4 14.9315,41.087056,213.8 14.931452,41.087073,214.2 14.931407,41.087091,214.4 14.931371,41.087105,214.6 14.931324,41.087124,214.6 14.931267,41.087143,214.8 14.93122,41.087157,215 14.931172,41.087172,215.2 14.931123,41.087186,215.4 14.931075,41.0872,215.8 14.931029,41.087215,216 14.930986,41.087233,216.4 14.930947,41.08725,216.6 14.930909,41.087265,216.8 14.93087,41.087279,217 14.93083,41.087285,217.2 14.930793,41.0873,217.4 14.930755,41.087314,217.6 14.930726,41.087326,217.8 14.930681,41.087345,218 14.930643,41.08736,218.2 14.930604,41.087375,218.2 14.930519,41.0874,218.6 14.930477,41.087413,218.6 14.930437,41.087425,218.8 14.930404,41.08744,219 14.930373,41.087457,219.2 14.930341,41.087472,219.4 14.930304,41.087486,219.6 14.930267,41.087498,219.8 14.930237,41.08751,220 14.930154,41.087544,220.2 14.930116,41.087561,220.4 14.930079,41.087576,220.4 14.930039,41.087589,220.6 14.929998,41.087601,220.8 14.929957,41.087612,221 14.929917,41.087627,221 14.929877,41.087643,221.2 14.929839,41.087663,221.4 14.929802,41.087685,221.4 14.929763,41.087704,221.4 14.929718,41.087719,221.4 14.929674,41.087733,221.4 14.929626,41.087748,221.6 14.92958,41.087758,222 14.929533,41.087772,222 14.92944,41.087805,222.6 14.929394,41.08782,222.6 14.929352,41.087838,222.8 14.929268,41.087875,223 14.929228,41.087892,223 14.929185,41.087911,223.2 14.92914,41.087927,223.2 14.929096,41.087942,223.2 14.929053,41.087954,223.4 14.929013,41.08797,223.6 14.92897,41.087985,223.6 14.928925,41.088,223.8 14.92888,41.088018,224 14.928786,41.08805,224.2 14.928692,41.088084,224.6 14.928649,41.088099,224.8 14.928608,41.088117,224.8 14.928567,41.08814,225 14.92853,41.088163,225.2 14.92845,41.088209,225.4 14.928406,41.088234,225.6 14.928363,41.088256,225.8 14.928322,41.088278,226 14.928283,41.088298,226.2 14.928245,41.088319,226.4 14.928211,41.08834,226.8 14.928175,41.088358,226.8 14.928142,41.088375,227 14.928112,41.088393,227.2 14.928051,41.088437,227.6 14.928018,41.088459,227.8 14.92795,41.088507,228.4 14.927914,41.08853,228.8 14.927878,41.08855,229 14.927839,41.088568,229.4 14.927801,41.088587,229.6 14.927766,41.088604,230 14.927698,41.088639,230.2 14.927633,41.088679,230.8 14.927596,41.088698,231.2 14.92752,41.088735,232 14.927478,41.088754,232.4 14.927435,41.088777,232.8 14.92739,41.088799,233 14.927343,41.088819,233.6 14.927292,41.088838,233.8 14.927246,41.088864,234.2 14.927204,41.088889,234.4 14.927161,41.088915,234.8 14.927117,41.08894,235 14.92707,41.088965,235.2 14.927022,41.08899,235.4 14.926977,41.089018,235.6 14.926935,41.089048,236 14.926894,41.089079,236.2 14.926855,41.089109,236.2 14.926815,41.089138,236.4 14.926772,41.089163,236.8 14.926729,41.089184,236.8 14.926687,41.089208,236.8 14.926643,41.089234,237 14.926605,41.089258,237.2 14.926562,41.089284,237.2 14.926517,41.089309,237.4 14.926473,41.089333,237.6 14.926425,41.089357,237.8 14.926376,41.089382,237.8 14.926328,41.08941,238 14.926274,41.089437,238.2 14.92622,41.089466,238.4 14.926167,41.089497,238.8 14.926109,41.089525,239 14.926054,41.089553,239.2 14.925999,41.08958,239.4 14.92594,41.089605,239.4 14.925878,41.089632,239.6 14.925823,41.089659,239.6 14.925767,41.089687,239.8 14.925709,41.089713,239.8 14.925648,41.089739,240 14.925589,41.089762,240 14.925531,41.089787,240 14.925474,41.089815,240.2 14.925416,41.089842,240.2 14.925356,41.089865,240.4 14.9253,41.08989,240.4 14.92524,41.089919,240.4 14.925182,41.089944,240.4 14.925127,41.089971,240.6 14.925073,41.089995,240.6 14.925023,41.090017,240.6 14.924976,41.090033,240.6 14.924928,41.090047,240.8 14.924877,41.090066,240.8 14.924773,41.090113,241.2 14.924716,41.090139,241.4 14.924655,41.090165,241.4 14.924591,41.090195,241.6 14.924526,41.090225,241.8 14.924394,41.09029,241.8 14.924327,41.090326,241.8 14.924254,41.090363,241.8 14.924179,41.090404,241.8 14.924011,41.090488,241.8 14.923919,41.090533,241.8 14.923823,41.090577,241.8 14.92373,41.090617,241.8 14.923645,41.090651,241.6 14.923568,41.090682,241.4 14.923493,41.090713,241.2 14.923414,41.090742,240.6 14.92333,41.090771,240.2 14.923236,41.090792,239.4 14.923139,41.090814,238.6 14.923042,41.090838,237.6 14.922944,41.090865,236.6 14.922851,41.090896,235.8 14.922767,41.090935,235 14.92269,41.090982,234.4 14.92262,41.091033,234 14.922558,41.091084,233.4 14.922498,41.091136,232.8 14.922439,41.091182,232 14.922376,41.091227,231.4 14.922314,41.091268,231.2 14.922253,41.091308,231 14.922194,41.091345,231 14.922136,41.091378,230.8 14.92208,41.091409,230.8 14.922027,41.091436,230.8 14.921979,41.09146,230.8 14.921932,41.091483,230.8 14.921887,41.091504,230.8 14.921846,41.091521,230.8 14.921804,41.09154,230.8 14.921765,41.09156,230.8 14.921726,41.091574,231.2 14.921692,41.091586,231.6 14.921659,41.091601,231.8 14.921624,41.091614,232.4 14.921593,41.091626,232.8 14.921564,41.09164,233.2 14.921538,41.091653,233.8 14.921513,41.091664,234 14.92149,41.091671,234.6 14.921473,41.091677,235 14.921462,41.091685,235.2 14.921442,41.091696,235.8 14.921416,41.091706,236.2 14.921356,41.091722,236.6 14.92129,41.091728,237.4 14.921258,41.091727,237.8 14.921225,41.091722,238 14.921196,41.091723,238.2 14.921169,41.091727,238.2 14.921144,41.091732,238.2 14.921117,41.091737,238.4 14.921088,41.09174,238.4 14.921056,41.091744,238.4 14.921022,41.091747,238.4 14.920986,41.091751,238.6 14.920949,41.091752,238.8 14.920912,41.091752,239.2 14.920879,41.091754,239.6 14.920818,41.091758,240.2 14.920764,41.091764,240.6 14.920738,41.091763,241 14.920709,41.091761,241 14.920675,41.091767,241.4 14.92064,41.091771,241.4 14.92061,41.091772,241.6 14.920582,41.091774,241.6 14.920554,41.091777,241.8 14.920526,41.091782,242 14.920495,41.091787,242.2 14.920463,41.091791,242.4 14.920396,41.091793,242.6 14.920365,41.091797,242.6 14.920339,41.091801,242.6 14.920289,41.091809,242.6 14.920265,41.09181,242.6 14.920237,41.091812,242.6 14.920206,41.091816,242.8 14.920173,41.091822,242.8 14.920099,41.091835,242.8 14.920056,41.091843,242.8 14.92001,41.091845,242.8 14.919962,41.09185,242.8 14.919914,41.091858,242.8 14.919867,41.091866,242.8 14.919823,41.091872,242.8 14.919778,41.091879,242.8 14.919737,41.091891,242.8 14.919658,41.09192,243 14.919622,41.091936,243 14.919583,41.09195,243 14.919544,41.091967,243 14.919507,41.091982,243 14.919433,41.092016,243 14.919393,41.092032,243.2 14.919349,41.09205,243.2 14.919306,41.092065,243.4 14.919224,41.0921,243.4 14.919184,41.092118,243.4 14.919143,41.092133,243.6 14.919104,41.09215,243.6 14.919022,41.092187,243.8 14.918984,41.092206,243.8 14.918948,41.092223,244 14.918909,41.092236,244.2 14.918869,41.092254,244.2 14.918833,41.092272,244.2 14.918794,41.092288,244.4 14.918758,41.092304,244.4 14.918723,41.09232,244.6 14.918689,41.092332,244.8 14.918655,41.092348,245 14.918622,41.092367,245.2 14.918586,41.092387,245.4 14.918554,41.092404,245.6 14.918523,41.092418,245.8 14.91849,41.092428,246 14.918459,41.092439,246.2 14.918428,41.092448,246.4 14.9184,41.09246,246.8 14.918372,41.092474,247 14.918348,41.092491,247.2 14.91832,41.092507,247.6 14.918293,41.09252,247.8 14.918271,41.09253,248.2 14.918235,41.092545,248.4 14.918207,41.092558,248.8 14.918179,41.092572,249 14.918154,41.092587,249.4 14.918124,41.092597,249.4 14.918095,41.092608,249.6 14.918065,41.092624,249.8 14.918034,41.092638,250.2 14.917974,41.092662,250.6 14.91795,41.092671,251 14.917914,41.092686,251.4 14.917882,41.092704,251.8 14.91785,41.09272,252.2 14.91782,41.092737,252.4 14.917787,41.092753,252.8 14.917752,41.092766,253 14.917719,41.092782,253.2 14.917687,41.092797,253.4 14.917659,41.092811,253.8 14.917627,41.092825,254 14.917596,41.09284,254.2 14.917565,41.092856,254.4 14.917532,41.092872,254.4 14.917502,41.092888,254.8 14.917471,41.092904,254.8 14.917441,41.09292,255.2 14.91741,41.092936,255.2 14.917374,41.09295,255.2 14.917341,41.092966,255.4 14.917307,41.092981,255.6 14.917275,41.092996,255.8 14.917244,41.093012,256 14.917212,41.093027,256.4 14.917179,41.093041,256.2 14.917145,41.093056,256.6 14.917109,41.09307,256.6 14.917077,41.093087,256.6 14.917042,41.093103,257.2 14.917005,41.093119,257.2 14.916971,41.093138,257.4 14.916936,41.093157,257.6 14.916868,41.093196,258 14.916835,41.093213,258 14.916801,41.09323,258.2 14.916767,41.093248,258.2 14.916732,41.093266,258.4 14.916693,41.09328,258.8 14.916659,41.093297,258.6 14.916623,41.093314,259 14.916586,41.09333,259.2 14.916549,41.093345,259.2 14.916511,41.093361,259.2 14.916473,41.093378,259.4 14.916436,41.093396,259.2 14.9164,41.093417,259.4 14.916359,41.093432,259.6 14.916279,41.093465,259.8 14.916235,41.093482,259.8 14.916192,41.093498,260.2 14.916149,41.093513,260 14.916107,41.093531,260.2 14.916066,41.09355,260.2 14.916026,41.093571,260.6 14.915985,41.09359,260.6 14.915941,41.093608,260.8 14.915895,41.093625,261 14.915845,41.093645,261.2 14.915795,41.093663,261.4 14.915744,41.093683,261.4 14.915693,41.093705,261.6 14.915642,41.093726,261.6 14.915594,41.093748,261.6 14.91555,41.093772,261.6 14.915505,41.093793,261.6 14.915413,41.093833,261.6 14.915367,41.093851,262 14.91532,41.093866,262 14.915271,41.093885,262 14.91522,41.093907,262 14.915167,41.093928,262 14.915112,41.093949,262 14.915057,41.093975,262 14.915003,41.094,262 14.914947,41.094023,262 14.914889,41.094049,262 14.914831,41.094073,262 14.91477,41.094099,262 14.914709,41.094122,262 14.914591,41.094172,261.8 14.914533,41.094195,261.8 14.914474,41.09422,261.4 14.914419,41.094247,261.2 14.914361,41.094272,261.2 14.914302,41.094295,261 14.914246,41.094319,261 14.914186,41.094345,261.2 14.914125,41.094371,261.2 14.914066,41.094397,261 14.914004,41.094419,261 14.913944,41.094443,260.8 14.913886,41.094467,260.8 14.913829,41.094491,260.8 14.913771,41.094516,260.6 14.913653,41.094564,260.6 14.913589,41.094589,260.4 14.913526,41.094611,260.4 14.913467,41.094636,260.2 14.91341,41.094663,260.2 14.913353,41.094686,260.2 14.913298,41.09471,260.2 14.913239,41.094735,260.2 14.913177,41.094761,260 14.913116,41.094785,260 14.912998,41.094835,260 14.912941,41.094857,260 14.912885,41.094877,260 14.91283,41.094897,260 14.912777,41.094918,260 14.912724,41.094936,260 14.91267,41.094957,260 14.912619,41.094979,260 14.912566,41.095,260 14.912515,41.095021,260 14.912462,41.095042,260 14.912408,41.095065,260 14.912357,41.095088,260 14.912303,41.09511,259.8 14.91225,41.095132,259.8 14.912153,41.095168,259.8 14.912112,41.095182,259.8 14.912079,41.095195,259.8 14.912054,41.095209,259.8 14.912014,41.095234,259.8 14.911994,41.095244,259.8 14.911972,41.095257,259.8 14.911951,41.095275,259.8 14.911936,41.095296,259.8 14.911932,41.095325,259.8 14.911938,41.095362,259.8 14.911947,41.095405,259.8 14.911954,41.095445,259.8 14.911965,41.095489,259.8 14.911974,41.095532,259.8 14.911987,41.095571,259.8 14.912003,41.095612,259.8 14.912017,41.095652,259.8 14.912028,41.095688,260 14.91204,41.095724,260 14.912053,41.095759,260 14.912063,41.095795,260 14.912073,41.095832,259.8 14.912088,41.095869,259.8 14.912116,41.095941,259.8 14.912128,41.095979,259.8 14.91216,41.096057,259.8 14.912177,41.0961,259.8 14.912199,41.096143,259.8 14.912235,41.096183,259.8 14.912268,41.096219,259.8 14.912306,41.096253,259.8 14.912346,41.096289,259.8 14.912385,41.096325,259.6 14.91242,41.096362,259.6 14.912486,41.096428,259.2 14.91252,41.096456,259 14.912576,41.096512,258.8 14.912604,41.096542,258.6 14.912636,41.096575,258.4 14.912675,41.096609,258.2 14.912719,41.096646,258 14.912766,41.096689,257.8 14.912807,41.096738,257.6 14.912835,41.096791,257.4 14.912842,41.096848,257.2 14.912822,41.096908,257.2 14.912775,41.096963,257 14.912717,41.097009,256.6 14.912594,41.097095,256 14.912529,41.097138,255.4 14.912462,41.097182,255 14.912395,41.097225,255 14.912326,41.09727,254.6 14.912258,41.097314,254.2 14.9122,41.097356,253.6 14.912141,41.097399,253.4 14.912076,41.097443,253.2 14.912013,41.097484,253 14.911949,41.097527,253 14.911889,41.097567,252.8 14.91183,41.097607,252.4 14.911775,41.097644,252.2 14.911723,41.097682,252 14.911673,41.097718,251.8 14.911623,41.097755,251.8 14.911529,41.097829,251.6 14.911481,41.097867,251.6 14.911434,41.097906,251.6 14.911384,41.097947,251.4 14.911331,41.097989,251.4 14.911273,41.098033,251.4 14.911216,41.098079,251.4 14.911157,41.098125,251.2 14.911101,41.098171,251.2 14.911041,41.098215,251.2 14.910983,41.098259,251 14.910922,41.098303,251 14.910859,41.098351,250.8 14.910798,41.098402,250.8 14.910737,41.098452,250.8 14.910674,41.098502,250.6 14.910609,41.098552,250.4 14.910545,41.098601,250.2 14.91048,41.098651,250 14.910418,41.098702,249.8 14.910351,41.098754,249.6 14.910289,41.098808,249.4 14.910227,41.098858,249.2 14.910168,41.098912,248.8 14.910106,41.098965,248.6 14.910043,41.099013,248.4 14.909982,41.099063,248.2 14.909924,41.099111,247.8 14.909866,41.09916,247.4 14.909808,41.099204,247.2 14.909752,41.09925,247.2 14.909698,41.099294,246.8 14.909642,41.099334,246.8 14.909592,41.099372,246.8 14.909545,41.099409,246.6 14.909502,41.09944,246.6 14.909458,41.099472,246.6 14.909415,41.099503,246.6 14.909371,41.099534,246.6 14.909328,41.099564,246.6 14.909291,41.099596,246.6 14.909253,41.099627,246.6 14.909213,41.099659,246.8 14.909174,41.099685,246.8 14.909134,41.099714,247.4 14.909095,41.099745,247.6 14.909059,41.099779,248 14.909029,41.099813,248.2 14.908999,41.099851,248.6 14.908973,41.099892,249 14.908948,41.099934,249.2 14.908927,41.099977,249.6 14.908909,41.10002,249.8 14.908888,41.100062,250.2 14.908869,41.100095,250.4 14.908835,41.100147,250.6 14.908804,41.100188,250.6 14.908772,41.100231,250.6 14.908737,41.100276,250.6 14.908703,41.100322,251 14.90867,41.100367,251 14.908631,41.100413,251 14.908595,41.100463,251 14.908554,41.100512,251 14.908507,41.100563,251 14.908462,41.100615,251 14.908412,41.100669,251 14.908358,41.100723,251 14.908301,41.100777,251 14.908246,41.100831,251 14.908208,41.100876,250.8 14.908163,41.100937,250.4 14.90813,41.101006,250.4 14.908114,41.101073,250.2 14.908112,41.101158,249.8 14.908122,41.101234,249.2 14.90813,41.101312,248.6 14.908134,41.101389,247.8 14.908133,41.101468,247 14.908126,41.101547,246.4 14.908112,41.101624,245.8 14.908092,41.101698,245.8 14.908072,41.10177,245.2 14.908048,41.101839,244.6 14.908019,41.101909,243.8 14.907991,41.101978,242.8 14.907963,41.102049,242.2 14.907936,41.102119,241.6 14.907915,41.102188,241 14.907894,41.102258,240.4 14.907881,41.102331,240.2 14.907873,41.102401,239.6 14.907881,41.102471,239.4 14.907895,41.102542,239 14.907906,41.102613,238.8 14.90791,41.102683,238.4 14.90791,41.102751,238.2 14.907914,41.102819,237.6 14.907914,41.102887,237.4 14.907913,41.102953,237 14.90791,41.103019,236.6 14.907909,41.103086,236.4 14.907905,41.103216,235.8 14.907902,41.103281,235.6 14.907895,41.103346,235.6 14.907885,41.103404,235.6 14.90787,41.103466,235.4 14.907854,41.103528,235.4 14.90784,41.103579,235.2 14.90782,41.103651,235.2 14.907782,41.103765,235 14.907761,41.10382,234.8 14.907745,41.103864,234.8 14.907724,41.103925,234.8 14.90771,41.103978,234.6 14.907698,41.10402,234.4 14.907679,41.104073,234.2 14.907656,41.104141,234 14.907642,41.104188,234 14.90762,41.104257,233.8 14.907606,41.104307,233.8 14.907585,41.104384,233.6 14.907568,41.104435,233.6 14.907545,41.104511,233.6 14.907529,41.104561,233.6 14.907509,41.104635,233.4 14.907493,41.104698,233.4 14.90748,41.104759,233.4 14.907468,41.104817,233 14.907459,41.104875,232.8 14.907453,41.104937,232.4 14.907444,41.105001,232.2 14.907431,41.105064,232 14.907418,41.105125,231.8 14.907404,41.105185,231.8 14.907388,41.105243,231.6 14.907371,41.105303,231.6 14.907346,41.10536,231.6 14.907316,41.105419,231.4 14.907278,41.105475,231.4 14.907236,41.105528,231.2 14.907187,41.105575,231 14.907135,41.105618,230.8 14.907081,41.105663,230.6 14.907035,41.105705,230.4 14.906996,41.105751,230.4 14.906963,41.1058,230 14.906929,41.10585,229.6 14.906894,41.105902,229.2 14.906862,41.105953,229 14.906819,41.106004,229 14.906773,41.106053,229 14.906725,41.106103,228.6 14.906676,41.106151,228.4 14.906626,41.106195,228.4 14.906573,41.106239,228.2 14.906518,41.106282,228 14.906462,41.106323,227.8 14.906405,41.106364,227.4 14.906346,41.106404,227.4 14.906284,41.106445,227.2 14.906224,41.106487,227.2 14.906165,41.106531,227 14.906104,41.106574,226.8 14.906038,41.106616,226.6 14.905971,41.106658,226.4 14.905906,41.106701,226 14.905842,41.106744,225.8 14.905773,41.106788,225.6 14.905702,41.106829,225.4 14.905626,41.106861,225.2 14.905542,41.106883,225 14.90545,41.106894,224.8 14.905357,41.106896,224.6 14.905262,41.106895,224.2 14.905164,41.106898,224.2 14.905068,41.106913,224 14.904978,41.106942,223.6 14.904899,41.106983,223.4 14.90483,41.107038,223 14.904781,41.10709,222.6 14.904718,41.107168,222.4 14.904665,41.107234,222 14.904616,41.107304,221.8 14.904568,41.107375,221.6 14.904521,41.107443,221.4 14.904471,41.107511,221 14.904425,41.10758,220.6 14.904388,41.107653,220.2 14.904363,41.107727,219.8 14.904357,41.107787,219.6 14.904366,41.107864,219.2 14.904393,41.107923,219 14.904421,41.107985,218.8 14.904444,41.108047,218.6 14.904459,41.108105,218.4 14.904455,41.108149,218.4 14.904426,41.10819,218.2 14.904384,41.108207,218.2 14.904347,41.108216,218.2 14.904299,41.108218,218.2 14.904242,41.108215,218.2 14.904176,41.108215,218.2 14.904106,41.108222,218.2 14.904033,41.108239,218.2 14.903956,41.108253,218.2 14.903879,41.108265,218 14.903807,41.108277,218 14.903735,41.108291,218 14.903661,41.108309,218 14.903587,41.108326,218 14.903514,41.108343,218 14.903435,41.108365,217.8 14.903371,41.108382,217.8 14.903318,41.108392,217.8 14.903252,41.108404,217.8 14.903187,41.10842,217.8 14.903065,41.108451,217.8 14.90301,41.108467,217.8 14.902955,41.10848,217.8 14.902904,41.108495,217.8 14.902851,41.108509,217.8 14.902788,41.108526,217.8 14.902748,41.108538,218 14.90269,41.108554,218.2 14.902654,41.108566,218.4 14.902609,41.108579,218.8 14.902568,41.108592,219 14.902528,41.108606,219.4 14.902488,41.108617,219.4 14.902447,41.108626,219.6 14.902406,41.108632,219.8 14.902356,41.108646,220 14.902316,41.108659,220.2 14.902272,41.108673,220.6 14.902236,41.108684,220.8 14.902191,41.108694,221.2 14.902149,41.108702,221.4 14.902109,41.108711,221.6 14.902072,41.108722,221.8 14.902037,41.108731,222 14.902003,41.108738,222.2 14.901927,41.108751,223 14.90189,41.108759,223.2 14.901851,41.108767,223.6 14.901817,41.108777,223.6 14.901783,41.108786,224 14.901751,41.108794,224.4 14.901715,41.108805,224.6 14.901681,41.108817,225 14.901644,41.108829,225.6 14.901608,41.108838,226 14.901572,41.108845,226.4 14.901536,41.108853,226.8 14.901492,41.108865,227.4 14.901454,41.108877,227.8 14.901423,41.108887,228.2 14.901387,41.108898,228.6 14.901351,41.108906,228.8 14.901316,41.108921,229.2 14.901281,41.108933,229.8 14.901247,41.108943,230.4 14.901214,41.108957,230.8 14.901177,41.10897,231.2 14.901144,41.108984,231.6 14.901115,41.108994,232 14.901082,41.109004,232.4 14.901047,41.109013,233 14.901019,41.109024,233.4 14.900989,41.109035,233.4 14.900957,41.109045,233.8 14.900922,41.109051,234.2 14.900889,41.109061,234.6 14.900852,41.109073,235 14.900816,41.109084,235.4 14.900783,41.109098,235.8 14.90075,41.109108,236 14.900717,41.109123,236.4 14.900687,41.109134,236.8 14.900657,41.109143,237 14.90062,41.10915,237.4 14.900595,41.109156,237.8 14.900554,41.109165,238.2 14.900527,41.109172,238.6 14.900497,41.109184,239 14.900461,41.109195,239.4 14.900425,41.109204,239.6 14.900393,41.109214,240 14.90036,41.109226,240.4 14.900326,41.109237,240.8 14.900293,41.109248,241 14.900262,41.109258,241.4 14.900229,41.109271,241.8 14.900193,41.109282,241.8 14.900156,41.109291,242 14.90012,41.109297,242.4 14.900082,41.109303,242.6 14.900048,41.109312,243 14.899976,41.109332,243.6 14.899941,41.109345,244 14.899903,41.109355,244.4 14.899857,41.10937,244.8 14.899788,41.10939,245.6 14.89975,41.109403,245.8 14.899715,41.109418,246.2 14.899685,41.109433,246.4 14.899658,41.109452,246.8 14.899626,41.109464,247 14.899594,41.109477,247.4 14.899561,41.109486,247.6 14.899525,41.109494,247.8 14.89949,41.109499,248.2 14.899454,41.109506,248.4 14.899413,41.109518,248.6 14.899386,41.109527,248.8 14.899353,41.109539,248.8 14.899311,41.109552,248.8 14.899276,41.109559,249 14.899242,41.109569,249.2 14.899214,41.109578,249.4 14.899184,41.109591,249.6 14.899146,41.109602,249.8 14.899113,41.109611,250 14.899085,41.109617,250.2 14.899051,41.109626,250.4 14.899009,41.109638,250.6 14.898974,41.10965,250.8 14.898938,41.109663,251 14.898902,41.109675,251.2 14.898876,41.109686,251.6 14.898841,41.109695,251.8 14.898805,41.109703,252 14.898769,41.109712,252.2 14.898735,41.109722,252.4 14.898665,41.109748,252.8 14.89863,41.109757,252.8 14.898586,41.109766,253.2 14.898547,41.109772,253.4 14.898514,41.109786,253.4 14.898486,41.1098,253.6 14.898449,41.109808,253.8 14.898414,41.109821,254.2 14.898378,41.109831,254.4 14.898342,41.109842,254.6 14.898265,41.109856,255 14.898229,41.109866,255.2 14.89819,41.109874,255.2 14.89811,41.10989,255.6 14.898068,41.109899,256 14.898027,41.109909,256.2 14.897987,41.109919,256.6 14.897944,41.109929,256.8 14.8979,41.109939,256.8 14.897849,41.109954,257 14.897813,41.109966,257.4 14.897764,41.109977,257.4 14.89771,41.109984,257.6 14.897656,41.109995,257.6 14.89759,41.110011,257.8 14.897535,41.110028,258 14.89749,41.110044,258 14.897424,41.110068,258 14.897381,41.110083,258 14.897275,41.110123,258.2 14.897224,41.110142,258.2 14.897175,41.110167,258.2 14.897121,41.110191,258.2 14.897072,41.110211,258.2 14.897033,41.110228,258.2 14.896976,41.110257,258.4 14.896938,41.110276,258.4 14.89689,41.110302,258.4 14.896837,41.110327,258.4 14.896784,41.110351,258.4 14.89673,41.110375,258.4 14.896663,41.110404,258.4 14.896615,41.110421,258.4 14.896558,41.110444,258.6 14.8965,41.110469,258.6 14.896442,41.11049,258.6 14.896375,41.110516,258.6 14.89632,41.110537,258.6 14.89628,41.110552,258.6 14.896235,41.110571,258.6 14.896192,41.110587,258.6 14.89615,41.110605,258.6 14.896104,41.110623,258.6 14.896057,41.110642,258.6 14.896001,41.110663,258.6 14.895965,41.110677,258.6 14.895909,41.110696,258.8 14.89587,41.110706,258.8 14.895768,41.110736,259 14.895715,41.110748,259 14.895646,41.110763,259 14.895596,41.110771,259 14.895534,41.110782,259 14.895468,41.110795,259.2 14.895405,41.110807,259.2 14.895343,41.110817,259.2 14.895284,41.110825,259.4 14.895227,41.110831,259.4 14.895168,41.110838,259.4 14.895111,41.110847,259.4 14.895053,41.110853,259.4 14.894998,41.110865,259.4 14.894944,41.110876,259.4 14.894886,41.110882,259.6 14.89483,41.110887,259.6 14.894719,41.110893,259.6 14.894662,41.110899,259.8 14.894609,41.110904,259.8 14.894504,41.110916,260 14.894448,41.110922,260 14.894389,41.110931,260.2 14.894332,41.110938,260.4 14.894278,41.110946,260.6 14.894225,41.110955,260.8 14.894172,41.110965,261 14.894064,41.110981,261.2 14.894008,41.110987,261.2 14.893846,41.111014,261.8 14.89374,41.111036,262.2 14.893686,41.111048,262.2 14.893635,41.111065,262.4 14.893586,41.11108,262.4 14.893538,41.111095,262.6 14.893486,41.111107,262.8 14.893437,41.11112,262.8 14.89339,41.111133,263 14.89334,41.111144,263.2 14.893289,41.111156,263.2 14.893237,41.111166,263.2 14.893185,41.111174,263.2 14.893137,41.111184,263.4 14.893089,41.111191,263.4 14.893039,41.111204,263.6 14.892992,41.111218,263.8 14.892945,41.111235,264 14.892898,41.111251,264.2 14.892852,41.111265,264.2 14.892805,41.111278,264.4 14.892754,41.11129,264.4 14.892704,41.1113,264.6 14.892656,41.111316,264.8 14.8926,41.111334,265 14.892553,41.111347,265 14.892504,41.111358,265 14.892465,41.111366,265.2 14.892412,41.111375,265.4 14.892308,41.111399,265.6 14.892256,41.111409,265.8 14.892205,41.111421,266 14.892151,41.111433,266 14.8921,41.111444,266 14.892044,41.11146,266 14.891999,41.111474,266 14.891965,41.111482,266 14.891922,41.111491,266 14.89188,41.111497,266 14.891828,41.111504,266 14.891794,41.111505,266 14.891749,41.11151,266 14.891701,41.111511,266 14.891647,41.111515,266 14.891607,41.11152,265.8 14.891577,41.111524,265.8 14.891543,41.111531,265.6 14.891511,41.111533,265.4 14.89148,41.111532,265.4 14.89145,41.111526,265.4 14.891425,41.111522,265.2 14.8914,41.111522,265 14.891396,41.111523,264.4 14.891378,41.111523,264.4 14.891351,41.11152,264.4 14.89132,41.11152,264.2 14.891289,41.111522,264.2 14.891257,41.111525,264.2 14.891224,41.111526,264.2 14.891193,41.111529,264.2 14.891154,41.111532,264.4 14.891088,41.111539,264.4 14.891047,41.11154,264.4 14.891009,41.111546,264.4 14.890969,41.111551,264.4 14.890916,41.111557,264.4 14.890879,41.111562,264.6 14.890833,41.111565,264.6 14.890786,41.111572,264.8 14.890738,41.111575,264.8 14.89069,41.111583,265 14.890644,41.111591,265.2 14.890599,41.111596,265.4 14.89055,41.1116,265.6 14.890502,41.111603,265.6 14.890443,41.111612,265.6 14.890405,41.111618,265.8 14.890357,41.111625,266 14.890307,41.111629,266.2 14.89026,41.111635,266.2 14.890215,41.111639,266.2 14.890172,41.111642,266.4 14.890077,41.111646,266.6 14.890029,41.11165,266.8 14.889981,41.111657,266.8 14.889922,41.111663,267 14.889875,41.111668,267.2 14.889833,41.111677,267.2 14.889734,41.111683,267.4 14.889631,41.111687,267.6 14.88958,41.11169,267.6 14.889527,41.111697,267.6 14.889465,41.111704,267.8 14.889423,41.111706,268 14.889361,41.111711,268 14.88932,41.111715,268.2 14.88927,41.111719,268.2 14.889222,41.111722,268.4 14.889172,41.111726,268.2 14.88912,41.111728,268.4 14.889072,41.111732,268.6 14.889026,41.111735,268.6 14.888974,41.111736,268.6 14.888925,41.111741,268.8 14.888876,41.111743,269 14.888824,41.111747,269 14.888774,41.111751,269.2 14.888671,41.111757,269.4 14.888573,41.111763,269.4 14.888524,41.111764,269.6 14.888473,41.111769,269.6 14.888423,41.111773,269.6 14.888328,41.111775,269.8 14.888278,41.111779,270 14.88823,41.111782,270.2 14.888183,41.111783,270.4 14.88809,41.111787,270.6 14.888041,41.11179,270.8 14.887993,41.111791,271 14.887945,41.11179,271.2 14.887897,41.111791,271.4 14.887848,41.111791,271.6 14.887801,41.111792,271.8 14.887744,41.111792,272.2 14.887705,41.111793,272.4 14.887658,41.111792,272.6 14.887612,41.111792,272.8 14.887565,41.111787,273.2 14.887472,41.111783,273.2 14.887415,41.11178,273.4 14.887378,41.111777,273.8 14.887285,41.111769,274.2 14.887235,41.111763,274.4 14.887187,41.111759,274.6 14.887137,41.111754,274.8 14.887085,41.111753,275 14.887035,41.111751,275.2 14.886973,41.111751,275.6 14.886933,41.111749,275.8 14.886882,41.111748,276 14.886786,41.111744,276.4 14.88674,41.111741,276.8 14.886694,41.11174,277 14.886647,41.111738,277 14.886556,41.111738,277.6 14.886406,41.111735,278.2 14.886357,41.111732,278.6 14.886306,41.111735,278.6 14.886257,41.11174,279 14.886159,41.111744,279.4 14.88611,41.111749,279.8 14.88606,41.111755,280 14.886011,41.111762,280.2 14.885959,41.111766,280.4 14.885808,41.111769,281 14.885758,41.111772,281.2 14.885706,41.111776,281.4 14.885655,41.111778,281.6 14.885603,41.111781,281.8 14.885555,41.111785,282 14.885506,41.111786,282.2 14.885458,41.11179,282.4 14.885407,41.111795,282.6 14.885357,41.111803,282.8 14.885308,41.111812,283 14.885259,41.111818,283.2 14.885208,41.111818,283.4 14.885159,41.111821,283.6 14.885111,41.111826,283.6 14.885016,41.111834,284 14.884916,41.111844,284.6 14.884815,41.11185,285 14.884764,41.111855,285.4 14.884703,41.111858,285.6 14.884651,41.111859,285.8 14.88461,41.111861,286 14.884564,41.111865,286.2 14.884516,41.111873,286.4 14.884466,41.11188,286.6 14.884417,41.111883,286.6 14.884372,41.111881,287 14.884327,41.111882,287 14.884283,41.111887,287.4 14.884238,41.111894,287.4 14.884199,41.111902,287.8 14.88416,41.111902,288 14.884121,41.111903,288.2 14.884084,41.111908,288.4 14.884047,41.111918,288.6 14.884005,41.111928,288.6 14.883961,41.111935,289 14.883917,41.111943,289.2 14.883873,41.111949,289.4 14.883827,41.111956,289.6 14.883781,41.111962,289.8 14.883735,41.111962,290 14.883688,41.111965,290.2 14.88364,41.111967,290.4 14.883591,41.11197,290.6 14.883545,41.111974,290.8 14.883498,41.111974,291 14.883451,41.111973,291.2 14.883405,41.111971,291.6 14.883358,41.111968,291.8 14.883303,41.111954,292 14.883269,41.111947,292.4 14.883227,41.111938,292.6 14.883187,41.111928,292.8 14.883143,41.111916,293.2 14.883115,41.111907,293.4 14.883077,41.111894,293.6 14.88304,41.111881,293.8 14.883,41.111866,294 14.882961,41.111848,294 14.882921,41.111832,294.2 14.882882,41.111817,294.4 14.882838,41.111805,294.6 14.882789,41.111795,295 14.882757,41.111786,295.2 14.882713,41.111771,295.6 14.882673,41.111756,295.8 14.882633,41.111744,296 14.882594,41.111734,296.2 14.882554,41.111722,296.6 14.882515,41.11171,296.8 14.882476,41.111693,297 14.882436,41.111679,297.4 14.882396,41.111668,297.6 14.882273,41.111628,298.6 14.882229,41.111615,299 14.882186,41.111607,299.2 14.882144,41.111595,299.4 14.882108,41.111581,299.6 14.882029,41.11155,300.2 14.88199,41.111536,300.2 14.881949,41.111523,300.4 14.88191,41.11151,300.8 14.881873,41.111501,301.2 14.881833,41.111492,301.6 14.881792,41.111484,302 14.881753,41.111475,302.2 14.881714,41.111463,302.6 14.881676,41.111451,302.8 14.881637,41.111438,303 14.881592,41.111424,303.4 14.881554,41.111411,303.6 14.881517,41.1114,304 14.881485,41.111395,304.2 14.881443,41.111386,304.4 14.881404,41.111378,304.8 14.881366,41.111369,305 14.881322,41.111358,305.2 14.881295,41.111351,305.4 14.881263,41.111342,305.6 14.881229,41.111334,306 14.881201,41.11133,306.2 14.881189,41.111328,306.6 14.88118,41.111328,308.4 14.881166,41.111318,308.6 14.881158,41.111305,308.6 14.881148,41.111281,308.8 14.881149,41.111241,308.8 14.881168,41.111179,308.8 14.881176,41.111145,308.8 14.881177,41.111116,308.8 14.881182,41.111084,309 14.881185,41.111048,309 14.881192,41.111018,309 14.881194,41.110969,309.2 14.881189,41.110934,309.4 14.881183,41.110888,309.6 14.881177,41.110838,309.8 14.881174,41.110778,310 14.881172,41.110729,310 14.881169,41.110677,310.2 14.881167,41.110622,310.4 14.881166,41.110577,310.6 14.881165,41.110508,310.8 14.881164,41.110453,311 14.881165,41.110409,311.2 14.88117,41.110344,311.2 14.881174,41.11029,311.4 14.881176,41.110236,311.6 14.881175,41.110182,311.8 14.881174,41.110139,312 14.881176,41.110084,312.2 14.881181,41.110015,312.2 14.881186,41.109973,312.4 14.881189,41.109919,312.6 14.881193,41.109852,312.8 14.881205,41.10974,313.2 14.881211,41.109686,313.4 14.881218,41.109632,313.4 14.881225,41.109576,313.6 14.88123,41.109532,313.8 14.88124,41.109469,314 14.881248,41.109417,314 14.881254,41.10936,314.2 14.881262,41.109306,314.2 14.881268,41.109251,314.4 14.881282,41.109142,314.8 14.881288,41.109087,314.6 14.881294,41.109044,315 14.881302,41.10898,314.8 14.88131,41.108927,315 14.881317,41.108874,315 14.881327,41.10882,315.2 14.881336,41.108766,315.2 14.881346,41.108713,315.4 14.881354,41.108659,315.4 14.881364,41.108604,315.4 14.881374,41.10855,315.6 14.881387,41.108498,315.8 14.881399,41.108447,315.8 14.88141,41.108394,316 14.881421,41.108342,316.2 14.881433,41.108289,316.2 14.881448,41.108238,316.4 14.881457,41.108186,316.6 14.881461,41.108133,316.6 14.88147,41.108085,316.6 14.881484,41.10804,316.8 14.881498,41.107997,317 14.881507,41.107952,317.2 14.881513,41.107905,317.2 14.881523,41.107857,317.4 14.881532,41.107813,317.4 14.881547,41.107773,317.6 14.881561,41.107731,317.6 14.881573,41.107686,317.8 14.881584,41.107642,317.8 14.881594,41.107597,318 14.881606,41.107552,318 14.881618,41.107506,318 14.88163,41.107456,318.2 14.881641,41.107409,318.2 14.881651,41.107363,318.4 14.881661,41.107318,318.4 14.881672,41.107275,318.6 14.881681,41.10723,318.8 14.881694,41.107185,318.8 14.881706,41.107138,319 14.881719,41.107091,319 14.881734,41.107045,319 14.881745,41.106997,319.2 14.881758,41.106952,319.2 14.881769,41.106905,319.4 14.881776,41.106856,319.6 14.881784,41.106809,319.6 14.881804,41.106717,319.8 14.881814,41.106673,320 14.881834,41.106583,320.2 14.881845,41.10654,320.4 14.881854,41.1065,320.4 14.881862,41.106457,320.6 14.881872,41.106375,321 14.881877,41.106342,321.4 14.881881,41.1063,321.6 14.881882,41.106259,322 14.88188,41.106218,322.2 14.881874,41.106169,322.4 14.881872,41.106081,322.8 14.881871,41.10603,323 14.881865,41.105989,323 14.881855,41.105937,323 14.88184,41.105881,323 14.881821,41.105823,323 14.8818,41.105764,323 14.881776,41.105701,323 14.881761,41.105632,323 14.881746,41.105558,323 14.881728,41.105483,323 14.881689,41.105321,322.8 14.881664,41.105239,322.4 14.881635,41.105161,322 14.881602,41.105088,321.6 14.881573,41.105018,321 14.881547,41.104947,320.2 14.881515,41.104874,319.4 14.881482,41.104797,318.6 14.88144,41.104701,317.8 14.881414,41.104628,317 14.881387,41.104563,316.2 14.881358,41.104504,315.4 14.881332,41.104445,314.6 14.881308,41.104386,314 14.881278,41.104324,314 14.881247,41.104253,313.2 14.881214,41.104172,312.4 14.881183,41.104091,311.4 14.881113,41.103933,310.2 14.881082,41.103854,309.8 14.881051,41.103773,309.2 14.881014,41.103692,308.6 14.880974,41.103619,307.8 14.880936,41.103553,307.2 14.880896,41.103492,306.4 14.880856,41.103433,306 14.880817,41.103374,305.2 14.880773,41.103316,304.6 14.880734,41.103264,303.8 14.880699,41.103218,303.2 14.880669,41.103177,302.2 14.880648,41.103141,301.4 14.88063,41.103106,300.6 14.88061,41.103072,299.8 14.880592,41.103041,299 14.880575,41.10301,298.2 14.880561,41.102987,297.6 14.880552,41.102979,297.6 14.880553,41.102981,293.4 14.880542,41.102984,293.2 14.880533,41.102991,293 14.880532,41.102993,292 14.880534,41.102999,292 14.880534,41.103003,291.8 14.880526,41.10303,291.8 14.880528,41.103052,291.8 14.880531,41.103074,291.8 14.880534,41.103092,291.8 14.880538,41.103119,292 14.880538,41.103132,292 14.880541,41.103148,292 14.880539,41.103162,292 14.880531,41.103171,292 14.880524,41.103173,292.6 14.880524,41.10318,292.6 14.880519,41.103192,292.8 14.880505,41.103206,292.8 14.880484,41.103223,292.8 14.880464,41.103243,292.8 14.880446,41.10327,292.8 14.880427,41.103304,292.8 14.880405,41.103344,292.8 14.880387,41.103385,292.6 14.880372,41.103425,292.6 14.880351,41.103461,292.6 14.88033,41.103493,292.4 14.88031,41.103525,292.4 14.880293,41.103554,292.4 14.880276,41.103584,292.4 14.880258,41.103613,292.4 14.880236,41.103643,292.4 14.880213,41.103674,292.6 14.880189,41.103702,292.6 14.880171,41.103732,292.6 14.880151,41.103759,292.6 14.880129,41.103788,292.6 14.880113,41.103816,292.6 14.880081,41.10387,292.8 14.88007,41.103898,292.8 14.880061,41.103924,292.8 14.880049,41.103941,292.8 14.880043,41.103947,293 14.880025,41.10395,294.4 14.879998,41.103956,294.4 14.879965,41.103963,294.4 14.87993,41.103971,294.4 14.879895,41.103974,294.4 14.879864,41.103977,294.4 14.879838,41.10398,294.4 14.879814,41.103981,294.4 14.879791,41.103983,294.2 14.879766,41.103992,294.2 14.879715,41.104024,293.8 14.87969,41.104043,293.8 14.879667,41.104064,293.6 14.879645,41.104089,293.6 14.879629,41.104113,293.4 14.879616,41.104136,293.4 14.879604,41.104155,293.2 14.879583,41.104172,293.2 14.87956,41.104191,293.2 14.879537,41.104207,293.2 14.879513,41.104223,293.2 14.879491,41.104241,293.2 14.879472,41.104263,293.2 14.87945,41.104284,293.2 14.879431,41.104303,293.2 14.879408,41.10432,293.2 14.879385,41.10434,293.2 14.879365,41.10436,293.2 14.879346,41.104378,293.4 14.879323,41.104396,293.4 14.879296,41.104418,293.6 14.879275,41.10444,293.6 14.879257,41.10446,293.8 14.879234,41.10448,294 14.879199,41.104523,294.2 14.879177,41.104546,294.2 14.879138,41.104593,294.6 14.879113,41.104614,294.8 14.87909,41.104638,294.8 14.879069,41.104657,295 14.879051,41.104678,295 14.879031,41.104698,295 14.879017,41.104719,295 14.879,41.104742,295.2 14.87898,41.104767,295.2 14.878954,41.104793,295.2 14.878929,41.104822,295.2 14.878903,41.104853,295.2 14.87888,41.10488,295.2 14.87886,41.104905,295.2 14.878839,41.104927,295.2 14.878825,41.104954,295.2 14.878812,41.104981,295.2 14.878795,41.105004,295.2 14.878783,41.105027,295.2 14.878767,41.105049,295.2 14.878753,41.105075,295.2 14.878738,41.105099,295.2 14.878724,41.105122,295.2 14.87871,41.105142,295.2 14.878693,41.105164,295.2 14.878677,41.105187,295.2 14.878665,41.105212,295.2 14.878644,41.105235,295.2 14.878625,41.105259,295.4 14.878607,41.105284,295.6 14.878589,41.105308,295.8 14.878574,41.105332,296.2 14.878559,41.105357,296.2 14.878548,41.105383,296.6 14.878527,41.105406,296.6 14.878507,41.105429,297 14.878489,41.105452,297.2 14.878472,41.105477,297.2 14.878434,41.105523,297.4 14.878413,41.105544,297.6 14.878393,41.105565,297.8 14.878375,41.105586,297.8 14.878366,41.10561,297.8 14.878363,41.105636,297.8 14.878357,41.105661,298 14.878344,41.105687,298 14.878317,41.105731,298.2 14.878302,41.105751,298.2 14.878293,41.105773,298.4 14.878278,41.105794,298.4 14.878264,41.105813,298.8 14.878251,41.105836,299.2 14.878238,41.105858,299.8 14.878226,41.105882,300.2 14.878216,41.105906,300.6 14.878203,41.105928,300.8 14.878191,41.105952,300.8 14.878182,41.105971,301.4 14.878173,41.105994,301.8 14.878166,41.106018,302.2 14.87816,41.10604,302.4 14.87815,41.106061,302.6 14.87814,41.106081,302.8 14.878133,41.106103,303 14.878132,41.106122,303.2 14.878136,41.106139,303.6 14.878141,41.106153,303.6 14.878171,41.106185,304.2 14.878188,41.106205,304.6 14.878199,41.10623,304.8 14.878206,41.106255,305 14.87821,41.106274,305.2 14.878216,41.106299,305.4 14.878216,41.106319,305.4 14.878213,41.106331,305.4 14.878214,41.106336,305.6 14.878208,41.106333,310 14.878199,41.106342,310 14.878191,41.106358,310.2 14.878184,41.106379,310.2 14.878171,41.106399,310.2 14.878157,41.106418,310.2 14.878145,41.106433,310.2 14.878136,41.106451,310.2 14.878123,41.106471,310.2 14.87811,41.106488,310.2 14.878098,41.106508,310.2 14.878082,41.106527,310.2 14.878067,41.106549,310.2 14.878046,41.106598,310.2 14.878033,41.106625,310.2 14.878019,41.106651,310.2 14.878005,41.106673,310.2 14.877995,41.106694,310.2 14.877982,41.10671,310.2 14.877966,41.106729,310.4 14.87795,41.10675,310.4 14.877931,41.106772,310.4 14.877908,41.106796,310.4 14.877881,41.106823,310.4 14.877855,41.106853,310.4 14.877827,41.106881,310.6 14.877801,41.106908,310.6 14.877774,41.106935,310.8 14.877744,41.106964,310.8 14.877715,41.106991,310.8 14.877681,41.10702,310.8 14.877651,41.107049,310.8 14.877623,41.107079,310.8 14.877599,41.107108,310.8 14.877576,41.107137,310.8 14.877555,41.107165,310.8 14.877511,41.107227,310.8 14.877491,41.10726,310.8 14.87747,41.107291,310.8 14.877448,41.107321,310.8 14.877427,41.107351,310.8 14.877374,41.107418,311 14.877346,41.107455,311 14.87732,41.107493,311 14.877297,41.10753,311 14.877274,41.107569,311 14.877247,41.107606,311 14.877221,41.107643,311 14.877194,41.107681,311.2 14.87717,41.10772,311.2 14.877147,41.107757,311.2 14.877127,41.107793,311.2 14.87711,41.107834,311.2 14.877093,41.107871,311.2 14.877076,41.107904,311.2 14.877063,41.107935,311.4 14.877049,41.107967,311.4 14.877034,41.107997,311.4 14.877018,41.108027,311.4 14.877003,41.108056,311.4 14.876987,41.108084,311.6 14.876956,41.10814,311.8 14.87694,41.108174,312 14.876923,41.108204,312.2 14.876901,41.108234,312.4 14.876876,41.108263,312.6 14.876854,41.10829,313 14.876836,41.108311,313.2 14.876808,41.108346,313.2 14.87678,41.108376,313.4 14.876756,41.108406,313.6 14.876729,41.108437,314 14.876671,41.108495,314.6 14.87659,41.108585,315.2 14.876563,41.108616,315.4 14.876504,41.108675,315.8 14.876476,41.108707,316 14.876446,41.10874,316.4 14.876417,41.108773,316.6 14.876387,41.108801,316.8 14.876359,41.108832,317 14.876327,41.108864,317 14.876267,41.108932,317.2 14.876237,41.108967,317.2 14.876211,41.109004,317.4 14.876163,41.109075,317.4 14.876137,41.10911,317.4 14.876115,41.109147,317.6 14.876092,41.109184,317.6 14.876074,41.109222,317.6 14.876021,41.10934,317.8 14.876002,41.109378,318.2 14.875981,41.109415,318.2 14.875962,41.109453,318.2 14.875944,41.109493,318.2 14.875925,41.109532,318.4 14.875908,41.109569,318.8 14.875889,41.109605,318.8 14.875868,41.10964,318.8 14.875828,41.10971,319.4 14.875812,41.109743,319.4 14.875793,41.109776,319.6 14.875776,41.109806,320 14.875758,41.109835,320.2 14.875738,41.109862,320.4 14.875718,41.109888,320.6 14.875698,41.109917,321 14.87568,41.109947,321 14.875662,41.109978,321.2 14.875644,41.110007,321.4 14.875627,41.110038,321.6 14.875609,41.110067,322 14.875593,41.1101,322.2 14.875576,41.110136,322.4 14.875557,41.110168,322.8 14.875543,41.1102,323 14.875538,41.110231,323.4 14.875537,41.110264,323.6 14.875538,41.110296,323.8 14.875541,41.110328,324 14.875541,41.11036,324 14.87554,41.110396,324.2 14.875537,41.110434,324.4 14.875533,41.110468,324.6 14.875534,41.1105,324.8 14.875544,41.110531,325.2 14.875555,41.110559,325.6 14.87556,41.110579,325.8 14.875578,41.110603,326.2 14.875582,41.110613,326.4 14.875581,41.110622,326.4 14.875581,41.110633,326.8 14.875577,41.11064,327 14.875566,41.110646,327.2 14.875543,41.110651,327.6 14.875541,41.110648,327.2 14.875528,41.110641,327.2 14.875505,41.110631,327.2 14.875501,41.110628,327 14.875491,41.110629,327 14.875473,41.110627,327 14.875451,41.110628,327 14.875426,41.11063,327 14.875395,41.11063,326.8 14.875357,41.110628,326.8 14.875316,41.110628,326.8 14.875271,41.110626,326.8 14.875221,41.110625,326.8 14.875166,41.110621,326.8 14.875108,41.110618,326.8 14.875044,41.110616,326.8 14.874975,41.110613,326.8 14.874897,41.110611,326.6 14.874815,41.110607,326.6 14.874732,41.110602,326.4 14.87465,41.1106,326.2 14.87456,41.110596,326 14.874465,41.110588,325.8 14.874365,41.11058,325.4 14.874263,41.110572,325.2 14.874157,41.110565,325 14.874051,41.110559,324.8 14.873945,41.110551,324.4 14.873725,41.110537,323.8 14.873616,41.110532,323.2 14.87351,41.110525,322.8 14.873406,41.110516,322.6 14.873301,41.110503,322 14.873197,41.110485,321.6 14.873094,41.11047,321.2 14.872996,41.110457,321 14.872901,41.110445,320.6 14.872808,41.110431,320.6 14.872716,41.110415,320.6 14.872627,41.110402,320.4 14.872543,41.11039,320.4 14.872462,41.110377,320.4 14.872382,41.110362,320.4 14.872304,41.110348,320.2 14.872229,41.110337,320.2 14.872162,41.110326,320.2 14.872097,41.110317,320.2 14.872034,41.110306,320.2 14.87197,41.110297,320.2 14.871907,41.110287,320.2 14.871845,41.110277,320.2 14.871785,41.110269,320.2 14.871727,41.110262,320.2 14.871668,41.110254,320.2 14.871611,41.110243,320.4 14.871558,41.110233,320.6 14.871505,41.110221,320.8 14.871451,41.11021,321 14.871394,41.110201,321.4 14.871337,41.110193,321.6 14.871278,41.110182,321.6 14.871221,41.110172,321.8 14.871167,41.110163,321.8 14.871112,41.110153,322 14.871058,41.110148,322.2 14.871001,41.110139,322.4 14.870943,41.110131,322.6 14.870834,41.110119,323 14.870781,41.110111,323 14.870671,41.110095,323.2 14.870615,41.110086,323.4 14.870559,41.110076,323.6 14.870504,41.110067,323.8 14.870448,41.110059,324 14.870393,41.110052,324.2 14.870336,41.110042,324.4 14.87028,41.110032,324.6 14.870223,41.11002,324.8 14.870166,41.11001,325 14.87011,41.109999,325.2 14.869998,41.109979,325.6 14.869945,41.109971,325.8 14.86989,41.109963,325.8 14.869833,41.109954,326.2 14.869777,41.109944,326.2 14.86972,41.109934,326.4 14.869663,41.109925,326.6 14.869609,41.109916,326.8 14.869553,41.109907,327 14.869497,41.109897,327.2 14.86944,41.109889,327.4 14.869381,41.109881,327.6 14.869261,41.109863,327.8 14.8692,41.109852,328 14.86907,41.109829,328.4 14.869002,41.109821,328.6 14.868932,41.109811,328.6 14.868865,41.109799,328.6 14.868797,41.109785,328.6 14.868728,41.109771,328.6 14.868656,41.109757,328.6 14.868584,41.109747,328.6 14.86851,41.109736,328.6 14.868434,41.109726,328.6 14.868358,41.109718,328.6 14.86828,41.109705,328.6 14.8682,41.109693,328.6 14.868118,41.109677,328.6 14.868035,41.109666,328.4 14.867951,41.109654,328.2 14.867867,41.109639,328 14.867707,41.109595,327.8 14.867627,41.10957,327.6 14.867548,41.10954,327.4 14.867471,41.109509,327.2 14.867395,41.109475,327.2 14.867318,41.10944,327 14.867244,41.109404,326.6 14.867169,41.10937,326.4 14.867021,41.109301,326.2 14.866946,41.109265,326 14.866802,41.109194,325.6 14.866662,41.109121,325.4 14.866526,41.109051,325.2 14.866457,41.109016,325 14.866389,41.108982,325 14.866325,41.108949,325 14.866262,41.108917,324.8 14.866202,41.108887,324.8 14.866144,41.108854,324.8 14.866089,41.108822,324.6 14.866033,41.108791,324.6 14.865975,41.108761,324.6 14.865918,41.108728,324.6 14.865861,41.108694,324.6 14.865801,41.108664,324.6 14.865742,41.108635,324.6 14.865685,41.108603,324.6 14.865629,41.108573,324.6 14.865569,41.108544,324.6 14.865506,41.108519,324.6 14.865438,41.1085,324.6 14.865368,41.10849,324.6 14.865303,41.108489,324.6 14.865248,41.108495,324.6 14.865196,41.108513,324.6 14.865146,41.108538,324.6 14.865091,41.108564,324.6 14.86503,41.108592,324.6 14.864965,41.108623,324.6 14.864901,41.10866,324.6 14.864831,41.108696,324.6 14.864758,41.108728,324.6 14.864684,41.108761,324.6 14.864605,41.108795,324.6 14.864525,41.10883,324.4 14.864445,41.108867,324.2 14.864366,41.108905,324 14.864204,41.10898,323.2 14.864121,41.109019,322.8 14.863949,41.109099,322 14.863864,41.10914,321.4 14.863777,41.109181,321 14.863689,41.109221,320.4 14.863603,41.109262,320 14.863513,41.109302,319.6 14.863425,41.109342,319.2 14.863342,41.109384,318.6 14.86326,41.109423,318.2 14.863178,41.109463,317.6 14.863095,41.1095,317.4 14.863011,41.109536,317.4 14.862931,41.109574,317 14.862855,41.109615,316.6 14.862778,41.109654,316.4 14.862702,41.109692,316 14.862628,41.10973,315.8 14.862556,41.109771,315.6 14.862488,41.109819,315.4 14.862426,41.109871,315.2 14.862374,41.109927,315.4 14.862331,41.109986,315.2 14.862293,41.110047,315.2 14.862263,41.110107,315 14.862238,41.110168,315 14.862215,41.11023,315 14.862196,41.11029,315 14.862179,41.110349,315 14.862161,41.110406,315 14.862143,41.110461,315 14.862125,41.110518,315 14.86211,41.110576,315 14.862097,41.110632,315.2 14.862082,41.110688,315.2 14.862064,41.110741,315.4 14.862053,41.110797,315.4 14.862042,41.110855,315.4 14.86203,41.110911,315.6 14.862016,41.110965,315.6 14.862002,41.11102,315.6 14.861986,41.11107,315.8 14.861971,41.111123,316 14.861953,41.111177,316.2 14.861934,41.111231,316.4 14.86191,41.111283,316.6 14.861883,41.111337,316.6 14.861853,41.111389,316.8 14.861819,41.11144,316.8 14.86178,41.111487,317 14.861737,41.111531,317.2 14.861693,41.111574,317.2 14.861645,41.111617,317.4 14.861593,41.111659,317.6 14.861537,41.111702,317.6 14.861476,41.111744,317.6 14.861414,41.111788,317.6 14.861349,41.11183,317.6 14.861284,41.111869,317.6 14.861218,41.111908,317.6 14.861154,41.111944,317.6 14.861088,41.111977,317.6 14.861025,41.112009,317.6 14.860966,41.112043,317.6 14.860905,41.112079,317.6 14.860841,41.112117,317.6 14.860775,41.112154,317.4 14.860633,41.112226,317.4 14.860561,41.112261,317.2 14.860493,41.112298,317 14.860425,41.112334,317 14.860364,41.112371,316.8 14.860298,41.112407,316.8 14.860235,41.11244,316.8 14.860172,41.11247,316.6 14.86011,41.112503,316.4 14.86005,41.112538,316.2 14.859992,41.112572,316.2 14.859931,41.112606,316.2 14.859862,41.112637,316.2 14.859787,41.112673,316 14.859707,41.112712,315.8 14.859623,41.11275,315.8 14.859536,41.112789,315.6 14.85945,41.112826,315.6 14.859361,41.112862,315.6 14.85927,41.1129,315.6 14.859178,41.112935,315.4 14.859085,41.112969,315 14.858993,41.113004,314.8 14.858904,41.113036,314.6 14.85882,41.113069,314.2 14.858741,41.113098,314 14.858668,41.113123,313.8 14.8586,41.113143,313.8 14.858534,41.113164,313.6 14.858475,41.113186,313.8 14.858419,41.113205,313.8 14.858367,41.113225,313.8 14.858271,41.11327,313.8 14.858224,41.113285,313.6 14.85818,41.113301,313.6 14.858141,41.113316,313.4 14.858107,41.113332,313.4 14.858077,41.113347,313.6 14.858023,41.113372,313.6 14.858003,41.113381,313.6 14.857983,41.113388,313.6 14.857961,41.113394,313.6 14.857922,41.113406,313.6 14.857901,41.113409,313.6 14.857879,41.113409,313.6 14.85786,41.11341,313.6 14.85782,41.113416,313.4 14.857801,41.11342,313.4 14.85778,41.113424,313.4 14.85776,41.113432,313.2 14.857735,41.113445,313.2 14.857707,41.113467,313 14.85768,41.1135,313 14.857667,41.113543,312.8 14.857678,41.113593,312.8 14.857701,41.113651,312.8 14.857728,41.113717,312.8 14.857775,41.113856,312.4 14.857807,41.113929,312 14.857843,41.114009,311.8 14.857884,41.114094,311.8 14.857926,41.114184,311.4 14.857969,41.114275,310.8 14.85801,41.114367,310 14.85805,41.114459,309.2 14.858093,41.114549,308.6 14.858138,41.114641,308 14.858178,41.114734,307.4 14.858218,41.114829,306.8 14.858258,41.114927,306.2 14.858297,41.115022,305.6 14.858337,41.115116,305 14.858376,41.11521,304.6 14.858406,41.1153,304.2 14.858434,41.115393,303.8 14.858457,41.115487,303.4 14.858471,41.115582,303 14.858477,41.115671,302.4 14.858469,41.115751,302.2 14.858455,41.115827,302.2 14.858435,41.115895,302 14.858413,41.115956,302 14.85839,41.11601,302 14.858369,41.11606,302 14.858344,41.116107,302 14.85832,41.116151,302 14.858301,41.116197,302 14.858284,41.116239,302 14.858268,41.11628,302 14.85825,41.11632,302.4 14.858231,41.11636,303.2 14.858212,41.116399,304 14.858197,41.116437,304.8 14.858183,41.116473,305.4 14.858167,41.116512,306.2 14.858151,41.11655,306.8 14.858133,41.116585,307.4 14.858114,41.116618,307.8 14.858097,41.116652,308.4 14.858073,41.116688,309 14.858048,41.116725,309.4 14.858021,41.116759,309.8 14.857993,41.116798,310.2 14.857962,41.116838,310.6 14.857933,41.116879,311.2 14.857904,41.116922,311.6 14.85787,41.116962,312.2 14.857838,41.117006,312.2 14.857805,41.117052,312.6 14.85777,41.1171,313 14.85769,41.117204,313.6 14.85765,41.117257,313.8 14.857609,41.117313,314.2 14.857569,41.11737,314.4 14.857528,41.117426,314.6 14.857487,41.11748,314.6 14.857447,41.117532,314.8 14.857409,41.117582,315 14.857373,41.117632,315 14.857335,41.11768,315 14.857299,41.117727,315.2 14.857264,41.117776,315.2 14.857229,41.117827,315.2 14.857188,41.117879,315.2 14.857146,41.117931,315.2 14.857104,41.117987,315.2 14.857063,41.118041,315.2 14.857021,41.118096,315.2 14.856979,41.118152,315.2 14.856937,41.118207,315.2 14.856896,41.118265,315.2 14.856854,41.118321,315.2 14.856812,41.118378,315.2 14.85673,41.118496,315.2 14.856688,41.118557,315.2 14.856646,41.118621,315.2 14.856602,41.118686,315.2 14.856559,41.118754,315.2 14.856515,41.118819,315.2 14.856473,41.118885,315.2 14.856433,41.118952,315.2 14.856395,41.119018,315.2 14.856355,41.119083,315.2 14.856313,41.119146,315 14.856269,41.119209,315 14.856229,41.119274,315 14.856188,41.119338,314.8 14.856146,41.1194,314.8 14.856103,41.119463,314.8 14.856015,41.119585,314.8 14.855968,41.119645,314.8 14.855927,41.119706,314.8 14.855888,41.119767,314.8 14.855848,41.119828,314.8 14.855807,41.119888,314.8 14.855764,41.119945,314.8 14.855719,41.12,314.8 14.855678,41.120056,315 14.855637,41.120109,315 14.855597,41.120157,315.2 14.855558,41.120202,315.2 14.855522,41.120249,315.4 14.855484,41.120291,315.6 14.855443,41.120331,315.8 14.855397,41.120371,316 14.85535,41.120407,316.4 14.855299,41.120441,316.8 14.855252,41.120478,317 14.855211,41.120516,317.4 14.855173,41.120551,317.8 14.855141,41.120585,318 14.855109,41.12062,318.2 14.855078,41.120652,318.6 14.855048,41.120685,318.8 14.854993,41.12075,319.2 14.854967,41.12078,319.2 14.854943,41.120811,319.4 14.85492,41.120842,319.4 14.854893,41.120872,319.4 14.854864,41.120906,319.4 14.854839,41.120941,319.4 14.854815,41.120974,319.6 14.85479,41.121008,319.6 14.854763,41.121043,319.6 14.854735,41.12108,319.6 14.854707,41.121118,319.6 14.854679,41.121158,319.6 14.85461,41.121248,319.6 14.854573,41.121295,319.4 14.854534,41.121342,319.4 14.854498,41.121393,319.4 14.854457,41.121446,319.4 14.854426,41.121488,319.2 14.854384,41.121544,319 14.854341,41.121603,318.8 14.854299,41.121664,318.2 14.854207,41.121802,317.8 14.854164,41.121867,317.8 14.854078,41.122003,316.6 14.853996,41.122137,315.6 14.853959,41.1222,315.2 14.853925,41.122266,314.8 14.853886,41.122328,314.4 14.853845,41.122389,313.8 14.853806,41.122448,313.6 14.85377,41.122508,313.2 14.853733,41.122568,312.8 14.8537,41.122628,312.6 14.853638,41.122752,312.4 14.853604,41.122812,312.2 14.853573,41.122874,312 14.853548,41.122938,312 14.853522,41.123002,311.8 14.85349,41.123065,311.8 14.853453,41.123132,311.6 14.853416,41.123201,311.6 14.853378,41.123268,311.4 14.853341,41.123332,311 14.8533,41.123394,311 14.853257,41.123454,310.8 14.853215,41.123517,310.6 14.853174,41.12358,310.2 14.853103,41.12371,309.4 14.853069,41.123775,309 14.853034,41.123841,308.6 14.852997,41.123907,308.4 14.852963,41.123974,308.2 14.852931,41.124044,308 14.852895,41.124113,307.6 14.852858,41.124183,307.4 14.852822,41.124255,307.2 14.852796,41.124315,306.8 14.852723,41.124481,306.2 14.85269,41.124557,306 14.852659,41.124628,305.8 14.852629,41.124698,305.4 14.8526,41.124766,305.2 14.852577,41.124835,304.8 14.852559,41.124906,304.4 14.852543,41.124978,304 14.852526,41.125049,304 14.852507,41.125123,303.4 14.852495,41.125201,303 14.852487,41.125278,302.8 14.852487,41.125351,302.6 14.852494,41.125419,302.4 14.852502,41.125487,302.2 14.852506,41.125551,302 14.85251,41.125609,301.8 14.852518,41.125705,301.6 14.852511,41.125746,301.6 14.852496,41.125779,301.6 14.852476,41.125807,301.4 14.852447,41.12583,301.4 14.852412,41.125852,301.4 14.852369,41.125863,301.4 14.852325,41.125866,301.4 14.852277,41.125853,301.4 14.852164,41.125816,301.4 14.852109,41.125806,301.4 14.852051,41.125793,301.4 14.851991,41.125778,301.4 14.85193,41.125767,301.4 14.85187,41.125756,301.4 14.851808,41.125744,301.4 14.851748,41.125733,301.4 14.851689,41.125723,301.4 14.851633,41.125713,301.4 14.851576,41.1257,301.4 14.851522,41.125685,301.4 14.851469,41.12567,301.4 14.851415,41.125655,301.4 14.85136,41.125637,301.4 14.851303,41.125615,301.4 14.851246,41.125589,301.6 14.851184,41.12556,301.6 14.851123,41.125528,302 14.851063,41.1255,302.2 14.851014,41.125475,302.4 14.85094,41.125439,302.4 14.850874,41.125408,302.6 14.850808,41.125375,302.6 14.850742,41.125344,302.6 14.850677,41.125313,302.6 14.850612,41.125284,302.6 14.850547,41.125254,302.6 14.850482,41.125226,302.6 14.850417,41.125202,302.6 14.850351,41.125177,302.6 14.850286,41.12515,302.6 14.850221,41.125122,302.6 14.850155,41.125097,302.6 14.85009,41.125072,302.6 14.850028,41.125048,302.6 14.849968,41.125027,302.6 14.849907,41.125007,302.6 14.849845,41.124988,302.6 14.849779,41.124972,302.6 14.849709,41.124957,302.6 14.849635,41.124948,302.6 14.849557,41.124948,302.6 14.849477,41.12496,302.6 14.849395,41.124975,302.8 14.849312,41.124993,302.8 14.849227,41.125015,302.8 14.849145,41.125041,302.8 14.849061,41.125073,302.8 14.848979,41.125107,302.8 14.848898,41.12514,302.8 14.848816,41.125171,302.8 14.848737,41.125204,302.8 14.84866,41.125234,302.8 14.848584,41.125257,302.8 14.84851,41.125285,302.6 14.848434,41.125311,302.4 14.848358,41.125335,302.2 14.848281,41.125358,301.8 14.848207,41.125384,301.8 14.848129,41.12541,301.6 14.848049,41.125433,301.6 14.847974,41.125462,301.6 14.847899,41.12549,301.6 14.847825,41.125517,301.4 14.847754,41.125547,301.4 14.847687,41.125576,301.4 14.847624,41.125607,301.4 14.84756,41.125637,301.4 14.847494,41.125662,301.4 14.847426,41.125679,301.4 14.847357,41.125698,301.6 14.847287,41.125722,301.6 14.847214,41.125746,301.6 14.847142,41.125771,301.6 14.847001,41.125822,301.6 14.846934,41.125845,301.8 14.846871,41.125872,302 14.846808,41.125897,302 14.84675,41.125923,302.2 14.846694,41.125951,302.2 14.846638,41.125982,302.4 14.846582,41.126011,302.4 14.846525,41.12604,302.8 14.846464,41.126067,303 14.846404,41.126094,303.4 14.846349,41.126121,303.6 14.846296,41.12615,304.2 14.846236,41.126177,304.6 14.846178,41.126204,304.8 14.846124,41.126232,304.8 14.846069,41.126261,305.2 14.846009,41.126286,305.4 14.845951,41.126311,305.4 14.845895,41.126337,305.6 14.845838,41.126362,305.6 14.845781,41.126388,305.8 14.845722,41.126412,306 14.845659,41.126438,306.2 14.845597,41.126465,306.2 14.845534,41.126492,306.2 14.84541,41.126548,306.6 14.845351,41.126576,306.8 14.845291,41.126604,307 14.845236,41.126633,307 14.845183,41.126662,307.2 14.845133,41.126694,307.2 14.845042,41.126751,307.2 14.845,41.126775,307.2 14.844957,41.126791,307.2 14.84492,41.126786,307.2 14.844895,41.126767,307.2 14.844886,41.126742,307.2 14.844888,41.126717,307.4 14.844899,41.126689,307.4 14.844921,41.126658,307.2 14.844938,41.126628,307.2 14.844955,41.126594,307.2 14.844974,41.126562,307.2 14.844994,41.126536,307.2 14.845021,41.126498,307.2 14.845042,41.126464,307.2 14.845065,41.126432,307.2 14.845085,41.126399,307.2 14.845106,41.126365,307.4 14.845128,41.126331,307.6 14.845149,41.126297,307.6 14.845168,41.126263,307.8 14.845188,41.126228,308 14.845209,41.126189,308.2 14.845232,41.126153,308.2 14.845252,41.126117,308.6 14.845274,41.126084,309 14.845294,41.126051,309.2 14.845315,41.126019,309.4 14.845355,41.125953,309.8 14.845376,41.12592,310.2 14.845396,41.125887,310.4 14.845416,41.125853,310.6 14.84543,41.125825,310.8 14.845453,41.125786,311 14.845473,41.125756,311.4 14.845493,41.125725,311.8 14.845512,41.125694,312 14.845528,41.125662,312.2 14.845543,41.12563,312.2 14.845555,41.125598,312.6 14.845571,41.125565,312.8 14.845586,41.125531,313.2 14.845604,41.125497,313.8 14.84563,41.125465,314 14.845654,41.125433,314.4 14.845677,41.1254,315 14.845704,41.125368,315.2 14.845727,41.125335,315.8 14.845747,41.125302,316 14.845795,41.125236,316.6 14.845817,41.125202,317 14.84584,41.125167,317.2 14.845863,41.125131,317.6 14.845885,41.125093,317.8 14.84591,41.125056,318 14.845932,41.12502,318.2 14.845952,41.124981,318.4 14.845976,41.124944,318.6 14.845998,41.124905,318.8 14.84602,41.124871,319 14.84604,41.124832,319 14.846055,41.124794,319 14.846052,41.124752,319 14.846033,41.124712,319 14.845998,41.124676,319 14.845957,41.124646,319 14.845915,41.124617,319 14.845877,41.124586,319 14.845843,41.124559,319 14.845807,41.124529,318.8 14.845775,41.124502,318.6 14.845743,41.124478,318.6 14.84571,41.124454,318.4 14.845676,41.124428,318.2 14.845641,41.124404,318 14.845607,41.12438,318 14.845571,41.124357,317.8 14.845534,41.124336,317.6 14.845498,41.124315,317.4 14.845464,41.124291,317.4 14.845429,41.124266,317 14.845394,41.124236,316.8 14.845359,41.124205,316.6 14.845322,41.124177,316.2 14.845284,41.124152,316.2 14.845249,41.124126,316.2 14.845216,41.1241,315.6 14.845181,41.124076,315.6 14.845145,41.124052,315.6 14.845109,41.12403,315.2 14.845078,41.124008,314.8 14.845045,41.123981,314.8 14.845012,41.123955,314.4 14.844978,41.123931,314 14.844946,41.12391,313.6 14.844883,41.123864,312.6 14.844852,41.12384,312.2 14.844784,41.123798,311.6 14.84475,41.123775,311.4 14.84472,41.123753,311 14.844662,41.123709,310 14.84463,41.123685,309.6 14.844596,41.123662,309.4 14.84456,41.123635,309 14.844524,41.123605,308.8 14.844485,41.123577,308.4 14.844446,41.123548,308.4 14.844404,41.123521,308.2 14.844363,41.123492,307.8 14.844323,41.123464,307.6 14.844284,41.123437,307.2 14.844246,41.12341,307 14.84421,41.123384,306.8 14.844178,41.123356,306.8 14.844147,41.123332,306.2 14.844118,41.123309,305.8 14.844086,41.123285,305.4 14.844053,41.123257,305 14.843987,41.123209,304.4 14.843953,41.123186,304 14.843918,41.12316,303.6 14.843885,41.123135,303.4 14.843849,41.123108,303 14.843818,41.123083,302.8 14.843785,41.123058,302.8 14.843752,41.123036,302.4 14.843715,41.123018,302 14.843674,41.123006,301.6 14.84363,41.123001,301.4 14.843586,41.123006,301.4 14.843542,41.123021,301 14.843502,41.123045,300.8 14.843466,41.123075,300.4 14.843433,41.123102,300 14.843406,41.123128,299.8 14.843376,41.123155,299.6 14.843343,41.123181,299.2 14.843311,41.123208,299 14.84328,41.123236,298.8 14.843211,41.123297,298.6 14.843174,41.123327,298.4 14.843132,41.123358,298 14.843092,41.123391,298 14.843055,41.123423,297.8 14.843019,41.123451,297.8 14.842985,41.123473,297.6 14.842959,41.123488,297.6 14.842945,41.123495,297.6 14.842935,41.123499,297.4 14.84293,41.123502,297.4 14.842947,41.123504,296.6 14.842963,41.123505,296.6 14.842975,41.123503,296.6 14.842989,41.12349,296.6 14.842998,41.123483,296.6 14.843012,41.123481,296.6 14.843017,41.123481,296.6 14.84302,41.123478,296.6 14.843035,41.123469,296.6 14.843056,41.123451,296.6 14.843081,41.123432,296.6 14.843105,41.123411,296.4 14.84313,41.12339,296.4 14.843158,41.12337,296.4 14.843215,41.123321,296.4 14.843246,41.123295,296.6 14.843282,41.123264,296.6 14.843318,41.123234,296.6 14.843352,41.1232,296.6 14.843382,41.123168,296.6 14.843418,41.123137,296.6 14.8435,41.123078,296.8 14.843544,41.123047,296.8 14.843588,41.123018,297 14.84363,41.122992,297 14.843654,41.122962,297.2 14.843652,41.122933,297.2 14.843627,41.122908,297.6 14.843592,41.122885,297.6 14.843556,41.122865,298 14.843518,41.12284,298.2 14.843479,41.122813,298.2 14.843442,41.122782,298.2 14.843403,41.122753,298.2 14.843361,41.122727,298.2 14.843317,41.122703,298.2 14.843265,41.122672,298.2 14.843214,41.122637,298.2 14.843161,41.122605,298.2 14.843111,41.122569,298 14.843061,41.122534,298 14.84301,41.122498,297.8 14.842967,41.122466,297.4 14.842903,41.12242,297.2 14.842853,41.122383,296.8 14.842805,41.122346,296.4 14.842709,41.12227,295.4 14.842658,41.122235,295.4 14.842609,41.1222,295 14.842555,41.122162,295 14.842498,41.122121,294.6 14.842442,41.122081,294.2 14.842323,41.121999,293.4 14.842263,41.121954,293 14.842197,41.121909,292.4 14.842135,41.121862,291.8 14.842071,41.121815,291.4 14.842008,41.121769,290.8 14.841941,41.121724,290.4 14.841871,41.121679,289.8 14.841806,41.121629,289.4 14.841747,41.121586,288.8 14.841698,41.121544,288.4 14.841658,41.121523,287.8 14.841626,41.12151,287.2 14.8416,41.121502,286.8 14.841582,41.121491,286 14.841569,41.121473,285.6 14.841564,41.121445,284.8 14.841558,41.121413,284.2 14.841543,41.121376,284.2 14.841524,41.121342,284 14.841508,41.121312,283.8 14.841496,41.121283,283.6 14.841486,41.121255,283.4 14.841472,41.121225,283.2 14.841449,41.121192,282.8 14.841425,41.121155,282.6 14.841403,41.121119,282.2 14.841381,41.12108,281.8 14.841357,41.121038,281.6 14.841331,41.120994,281.4 14.841307,41.120955,281 14.841272,41.120893,280.6 14.841251,41.120863,280.4 14.841231,41.120834,279.8 14.841213,41.120804,279.6 14.841197,41.120778,279.4 14.841181,41.12075,279 14.841166,41.120723,278.6 14.841149,41.120696,278.4 14.84113,41.120667,278 14.841106,41.120636,277.6 14.841082,41.120599,277.6 14.841061,41.120564,277.4 14.84104,41.120527,277.2 14.841017,41.120491,277 14.840992,41.120454,276.8 14.840967,41.12042,276.8 14.840946,41.120383,276.4 14.840922,41.120343,276.4 14.840899,41.120303,276 14.840872,41.120263,275.6 14.840847,41.120223,275.6 14.840821,41.120186,275.4 14.840798,41.120149,275.4 14.840776,41.120115,275 14.840755,41.120081,274.8 14.840722,41.120024,274.2 14.840712,41.120002,274 14.840708,41.119991,273.8 14.840705,41.119989,272.8 14.840689,41.119981,272.6 14.840659,41.119975,272.6 14.840622,41.11998,272.6 14.840587,41.119988,272.6 14.840549,41.119996,272.6 14.840508,41.120002,272.6 14.840465,41.120006,272.6 14.840423,41.120008,272.4 14.840376,41.120014,272.4 14.840326,41.120024,272.4 14.840276,41.120036,272.2 14.840226,41.120049,272 14.840176,41.120065,271.8 14.840125,41.120081,271.6 14.840068,41.120095,271.4 14.84001,41.120111,271.4 14.839955,41.120126,271 14.839909,41.120138,270.8 14.839865,41.120151,270.6 14.839819,41.120162,270.4 14.839769,41.12017,270 14.839717,41.120174,269.6 14.839663,41.120178,269.2 14.839607,41.120183,268.6 14.839553,41.120189,268 14.839497,41.120195,267.4 14.839445,41.120203,266.6 14.839395,41.120212,266.2 14.839345,41.120227,265.4 14.839299,41.120249,265 14.839258,41.120274,264.4 14.839226,41.120302,263.8 14.839194,41.120331,263.8 14.83916,41.120356,263.2 14.839128,41.120379,262.6 14.839102,41.120404,262 14.839065,41.120445,261 14.839056,41.120466,260.4 14.839052,41.120489,260.2 14.839043,41.120508,260 14.839032,41.120529,259.4 14.839017,41.120549,259 14.839002,41.120574,258.4 14.838989,41.120602,258 14.838974,41.120629,257.8 14.838959,41.12066,257.4 14.838945,41.120693,257 14.838929,41.120727,256.8 14.838914,41.120755,256.6 14.838902,41.120774,256.4 14.838891,41.120787,256.2 14.838877,41.1208,256.2 14.838863,41.120822,256 14.838845,41.120848,255.8 14.83882,41.120878,255.8 14.838787,41.120911,255.8 14.838747,41.120949,255.6 14.838699,41.120982,255.4 14.838648,41.121012,255 14.838592,41.121033,255 14.838534,41.121039,254.6 14.838412,41.121035,254.2 14.838347,41.121038,253.8 14.83828,41.121038,253.6 14.838214,41.121042,253 14.838152,41.121046,252.4 14.838096,41.121044,252 14.838043,41.121044,251.6 14.837997,41.121046,251.4 14.837956,41.121049,251.2 14.837921,41.121054,251 14.83789,41.12106,250.8 14.837867,41.121071,250.6 14.837842,41.121085,250 14.837816,41.121106,249.6 14.837801,41.121129,249 14.837792,41.121153,248.4 14.837785,41.121176,248 14.837776,41.1212,248 14.837763,41.121226,247.6 14.837748,41.121246,247.2 14.837725,41.12127,246.8 14.837696,41.121293,246.6 14.837664,41.121314,246.4 14.837627,41.121333,246.2 14.837581,41.121357,246.2 14.837531,41.121378,246 14.837473,41.121399,246 14.837404,41.121416,245.8 14.837332,41.121438,245.8 14.837261,41.121464,245.8 14.837198,41.121486,245.8 14.83714,41.12151,245.8 14.837037,41.121554,245 14.836989,41.121577,244.6 14.836941,41.121599,244 14.836896,41.121621,243.2 14.836855,41.121639,242.8 14.836812,41.121657,242.4 14.836774,41.121671,242 14.836743,41.121681,241.6 14.836719,41.121692,241.6 14.836669,41.121717,241 14.836644,41.121731,240.8 14.836623,41.121742,240.4 14.836598,41.121751,240 14.836568,41.121759,239.6 14.836536,41.121772,239.4 14.8365,41.121789,239.4 14.836461,41.121807,239.2 14.836421,41.121825,239 14.83639,41.121836,239 14.83638,41.121837,238.8 14.836382,41.121831,238.8 14.83638,41.121827,238.8 14.836378,41.12183,238.2 14.836364,41.121843,237.8 14.836343,41.121859,237.6 14.836315,41.121876,237.6 14.836273,41.121896,237.4 14.836222,41.121925,237.4 14.836164,41.121955,237.4 14.836105,41.121984,237.2 14.836055,41.122007,237.2 14.836017,41.122027,237.2 14.835992,41.122049,237.2 14.835976,41.122071,237 14.835967,41.122091,236.6 14.835965,41.12211,236 14.835974,41.122124,235.2 14.835991,41.122136,234.6 14.836005,41.122147,234.2 14.836017,41.122155,233.6 14.836033,41.122165,233.4 14.836051,41.122177,233.2 14.83607,41.122191,233.2 14.836086,41.122202,233.2 14.836102,41.12221,233 14.836121,41.122221,233 14.836141,41.122235,233 14.836157,41.122251,233 14.836172,41.12227,233 14.836191,41.122289,233 14.83621,41.122305,233.2 14.836231,41.12232,233.6 14.83625,41.122337,233.6 14.836267,41.122354,233.8 14.836284,41.122372,234.2 14.836298,41.122393,234.4 14.836309,41.122413,234.6 14.836323,41.122435,235 14.83634,41.122457,235 14.836357,41.122476,235.4 14.836374,41.122496,235.6 14.836393,41.122516,236 14.836412,41.122534,236.4 14.83643,41.122552,236.6 14.836447,41.12257,236.8 14.836479,41.1226,237.6 14.836498,41.122614,237.8 14.836512,41.12263,237.8 14.836529,41.122645,238 14.836545,41.122662,238.4 14.836561,41.122682,238.6 14.836578,41.122701,238.8 14.836597,41.122718,239.2 14.836615,41.122731,239.8 14.836626,41.122751,240.2 14.836636,41.122771,240.2 14.836649,41.122791,240.8 14.836663,41.122811,241.2 14.836676,41.122832,241.8 14.83669,41.122848,242.2 14.836703,41.122871,243 14.836711,41.122889,243.6 14.836722,41.122908,244 14.836734,41.122924,244.6 14.836751,41.122941,245.2 14.836765,41.122958,245.6 14.836776,41.122976,246 14.836785,41.122996,246.6 14.836792,41.123016,247.2 14.836796,41.123035,247.6 14.836796,41.123056,248.2 14.836797,41.123078,248.6 14.836801,41.123118,249.4 14.836806,41.123136,249.8 14.836816,41.123156,250.2 14.836823,41.123176,250.8 14.836831,41.123194,251.4 14.836839,41.12321,251.8 14.836849,41.123226,251.8 14.836863,41.123242,252.2 14.83688,41.123256,253 14.836898,41.123274,253.2 14.836913,41.123293,253.6 14.836923,41.123313,254 14.836928,41.123335,254.4 14.836924,41.123357,254.8 14.836913,41.123379,255.2 14.836899,41.1234,255.4 14.836885,41.12342,255.4 14.836867,41.123439,255.6 14.836843,41.12346,255.8 14.836819,41.123482,256 14.836794,41.123508,256.2 14.836742,41.123558,256.4 14.836677,41.123609,256.4 14.836647,41.123637,256.4 14.836618,41.123667,256.4 14.836594,41.123699,256.4 14.836572,41.123733,256.4 14.836533,41.123807,256.2 14.836516,41.123845,256 14.836501,41.123885,255.8 14.836488,41.123925,255.6 14.836474,41.123964,255 14.836459,41.124002,254.6 14.836445,41.124042,254.2 14.836431,41.124078,254 14.836416,41.124109,253.4 14.836396,41.124142,253 14.836374,41.124175,252.6 14.836328,41.12425,251.8 14.836283,41.12433,251.4 14.836261,41.124371,251.2 14.836244,41.124412,250.8 14.836232,41.124453,250.6 14.836225,41.124492,250.4 14.836225,41.124536,250.4 14.836233,41.124576,250.4 14.836246,41.124614,250.2 14.836257,41.124649,250.2 14.836273,41.12468,250.2 14.836287,41.124711,250.2 14.836324,41.124777,250.2 14.836341,41.124812,250.2 14.836354,41.124848,250.2 14.836364,41.124884,250.4 14.836374,41.124919,250.8 14.836379,41.124957,251.4 14.836383,41.124997,252 14.836384,41.125038,252.2 14.836378,41.125122,253 14.836371,41.125167,253.6 14.836358,41.12521,254.2 14.836344,41.12525,254.4 14.836328,41.125286,254.4 14.836313,41.125318,254.6 14.836298,41.12534,254.6 14.836277,41.125361,254.6 14.836267,41.125365,254.8 14.83624,41.125373,254.8 14.836219,41.125382,254.8 14.836194,41.125391,254.8 14.836161,41.125408,254.8 14.836113,41.125431,254.8 14.836061,41.125457,254.6 14.836018,41.12548,254.6 14.835979,41.125495,254.6 14.835947,41.125503,254.6 14.835923,41.125501,254.4 14.835903,41.125487,254.4 14.835886,41.125471,254.2 14.835869,41.125454,253.6 14.835845,41.12544,253 14.835817,41.125429,252.4 14.835786,41.125419,252.2 14.835756,41.125419,252 14.83573,41.125427,251.8 14.835704,41.125437,251.8 14.835675,41.125442,251.8 14.835644,41.125439,251.6 14.835615,41.125426,251.6 14.835592,41.125407,251.6 14.835578,41.125385,251.4 14.835562,41.125361,251.4 14.835547,41.125338,251.4 14.835535,41.125314,251.4 14.835523,41.125287,251.2 14.835507,41.125263,251.2 14.835492,41.125239,251.2 14.835475,41.125217,251 14.835458,41.125191,251 14.835444,41.125165,250.8 14.835429,41.125139,250.6 14.835413,41.125113,250.4 14.83538,41.125055,250.2 14.83536,41.125024,250 14.835339,41.124992,249.6 14.835322,41.124959,249.4 14.835303,41.124927,249.2 14.835286,41.124894,249 14.835269,41.124862,249 14.835252,41.124832,248.8 14.835234,41.124804,248.8 14.835217,41.124774,248.6 14.835199,41.124744,248.2 14.835178,41.124713,248 14.835158,41.124678,247.8 14.835135,41.124637,247.4 14.835114,41.124597,247.4 14.835097,41.124559,247.2 14.835082,41.124528,246.8 14.835066,41.1245,246.6 14.835045,41.124476,246.4 14.835013,41.12446,246 14.834975,41.124458,245.8 14.834939,41.124468,245.6 14.834911,41.124486,245.4 14.834886,41.124509,245 14.83486,41.124534,245 14.834818,41.124574,244.8 14.834772,41.124614,244.8 14.834744,41.124633,244.8 14.834715,41.124654,244.8 14.834661,41.124692,244.8 14.834611,41.124736,245 14.834584,41.124755,245.2 14.834557,41.124772,245.6 14.834527,41.12479,245.6 14.834496,41.124808,246 14.834464,41.124826,246.4 14.834434,41.124845,246.8 14.834406,41.124866,247.2 14.834375,41.124885,247.6 14.834344,41.124903,248 14.834314,41.124919,248.4 14.834284,41.124938,248.8 14.834257,41.12496,249.2 14.834225,41.124983,249.6 14.834161,41.125023,250.6 14.834128,41.125043,251 14.834098,41.125064,251.4 14.834067,41.125084,252 14.834037,41.125104,252.2 14.834006,41.125129,252.8 14.833974,41.12515,253 14.833939,41.125169,253.4 14.833903,41.125187,253.8 14.833873,41.125206,254.2 14.83384,41.125225,254.4 14.833809,41.125245,254.8 14.833776,41.125267,254.8 14.833708,41.125317,255.4 14.833676,41.125339,255.6 14.833647,41.125361,256 14.833617,41.125382,256 14.83359,41.125404,256.2 14.833564,41.125422,256.4 14.833533,41.12544,256.8 14.833498,41.125458,257 14.833458,41.125477,257.2 14.833415,41.125494,257.6 14.833372,41.12551,257.8 14.833331,41.125528,258.4 14.833292,41.125544,258.6 14.833251,41.125556,258.8 14.833208,41.12557,259 14.833166,41.125582,259 14.833124,41.125599,259.2 14.833084,41.125616,259.2 14.833041,41.125636,259.4 14.832998,41.125658,259.4 14.83295,41.125683,259.6 14.832899,41.12571,259.6 14.832853,41.12574,259.6 14.832808,41.125771,259.6 14.832764,41.125804,259.6 14.83272,41.125836,259.6 14.832678,41.125868,259.6 14.832639,41.125897,259.6 14.832608,41.125927,259.6 14.832575,41.125958,259.6 14.832545,41.125991,259.6 14.832513,41.126025,259.6 14.832483,41.126056,259.6 14.832449,41.126086,259.8 14.832419,41.126119,259.8 14.832385,41.12615,259.8 14.832352,41.126178,259.8 14.832317,41.126207,259.8 14.832284,41.126237,259.8 14.832252,41.126268,259.8 14.83222,41.126301,259.8 14.832188,41.126333,260 14.832157,41.126363,260 14.832125,41.126391,260 14.832062,41.126448,260 14.83203,41.126478,260.4 14.832,41.126509,260.4 14.831969,41.126539,260.6 14.831937,41.126567,260.8 14.831902,41.126597,261 14.83187,41.12663,261.2 14.831834,41.126662,261.4 14.831732,41.126758,261.6 14.831697,41.126787,261.8 14.831663,41.126816,261.8 14.831629,41.126847,261.8 14.831594,41.126875,262 14.831559,41.126905,262 14.831526,41.126935,262 14.831494,41.126966,262 14.831461,41.126997,262.2 14.831429,41.127028,262.2 14.831394,41.127059,262.2 14.831359,41.127086,262.4 14.831322,41.127114,262.4 14.831287,41.127141,262.4 14.831247,41.127169,262.4 14.831206,41.127198,262.6 14.831167,41.127228,262.6 14.831132,41.127258,262.6 14.831099,41.127285,262.6 14.831067,41.12731,262.6 14.831036,41.127332,263 14.831005,41.127352,263 14.830978,41.127371,263 14.830918,41.127415,263 14.830885,41.12744,263 14.830848,41.127467,263 14.83081,41.127493,263 14.83077,41.127519,263 14.830727,41.127546,263 14.830683,41.127571,263 14.830638,41.127596,263 14.830597,41.127621,263 14.830558,41.127646,263 14.830517,41.127668,263 14.830473,41.127693,263 14.830387,41.127741,262.6 14.830343,41.127768,262.6 14.830297,41.127794,262.6 14.83025,41.127824,262.6 14.8302,41.127854,262.4 14.830149,41.127882,262.4 14.830096,41.127912,262.2 14.830045,41.127948,262 14.829999,41.12799,261.6 14.829971,41.128037,261.6 14.829958,41.128085,261.4 14.829963,41.128128,261 14.82998,41.12817,260.6 14.830001,41.128207,260.4 14.830023,41.128238,260.2 14.830062,41.128302,259 14.830081,41.128336,258.6 14.830101,41.128368,258.4 14.830142,41.128442,258 14.83016,41.128475,257.8 14.830176,41.128506,257.8 14.83021,41.128558,257.8 14.830226,41.128586,257.8 14.830242,41.128617,257.8 14.830259,41.128648,257.8 14.83028,41.128678,257.8 14.830326,41.12874,257.6 14.83035,41.12877,257.6 14.830375,41.128803,257.6 14.830402,41.128836,257.6 14.830431,41.128871,257.6 14.830457,41.128904,257.8 14.830478,41.128935,257.6 14.830499,41.128961,257.6 14.83052,41.128984,257.6 14.83056,41.129037,257.6 14.830581,41.129064,257.6 14.830606,41.129088,257.6 14.830632,41.129109,257.6 14.830661,41.129129,257.6 14.830689,41.129154,257.6 14.830717,41.129178,257.6 14.830747,41.1292,257.6 14.830777,41.129226,257.6 14.830808,41.129251,257.6 14.830837,41.129276,257.6 14.830866,41.129303,257.6 14.830896,41.129325,257.6 14.830924,41.129351,257.8 14.830954,41.129375,258 14.830987,41.129399,258 14.831016,41.129422,258 14.831048,41.129447,258.2 14.831078,41.12947,258.4 14.831107,41.129496,258.6 14.831136,41.129521,258.8 14.831167,41.129547,259 14.831196,41.129572,259.2 14.831223,41.1296,259.2 14.831249,41.12963,259.4 14.831277,41.129661,259.4 14.831301,41.129697,259.6 14.83132,41.129735,259.8 14.831338,41.129774,260 14.831354,41.129816,260 14.831369,41.129862,260 14.831387,41.129906,260 14.831418,41.129987,260 14.831432,41.130024,260 14.831446,41.130062,260 14.831462,41.130098,260 14.831473,41.13013,260 14.831484,41.130158,260 14.831492,41.130188,260 14.831503,41.130221,260 14.831516,41.130256,259.8 14.831533,41.130288,259.6 14.831552,41.130318,259.6 14.831567,41.13035,259.6 14.831578,41.130384,259.4 14.831592,41.130418,259.4 14.831604,41.130453,259.4 14.831634,41.130525,259.4 14.831648,41.13056,259.4 14.831659,41.130595,259.4 14.831669,41.130629,259.4 14.831691,41.130703,259.4 14.831705,41.130738,259.4 14.831732,41.130809,259.6 14.831739,41.130843,259.6 14.83174,41.130876,259.6 14.831731,41.130904,259.6 14.831712,41.130921,259.6 14.831689,41.13093,259.8 14.831667,41.130934,259.8 14.8316,41.130958,260.6 14.831561,41.130973,260.8 14.831496,41.130989,261.6 14.831475,41.130996,262 14.831466,41.130997,261.8 14.831464,41.130995,262 14.83145,41.130993,262 14.83143,41.130997,262 14.831404,41.131003,262 14.831374,41.131012,262 14.83134,41.131026,262 14.831305,41.13104,262 14.831268,41.131051,262 14.831235,41.131059,262 14.831203,41.131069,262 14.831166,41.13108,262 14.831092,41.131108,262 14.83105,41.131121,262 14.831007,41.13113,262 14.830961,41.13114,262 14.830914,41.131148,262.2 14.830867,41.13116,262.4 14.830822,41.131173,262.4 14.830773,41.131185,262.4 14.83073,41.131202,262.6 14.830686,41.131219,262.8 14.830643,41.131234,263 14.830599,41.131248,263 14.830553,41.131261,263.2 14.830506,41.131271,263.2 14.83046,41.131284,263.4 14.830417,41.131298,263.4 14.830333,41.131324,263.4 14.830295,41.131334,263.6 14.830254,41.131344,263.6 14.830216,41.131356,263.8 14.83018,41.131368,263.8 14.830148,41.131376,264 14.830121,41.131381,264 14.830097,41.131383,264 14.830086,41.131385,264 14.830075,41.13139,264.2 14.830063,41.131389,264.2 14.830047,41.131384,264.4 14.830031,41.131373,264.6 14.830019,41.131356,264.6 14.830015,41.131337,264.6 14.830011,41.13132,264.6 14.830001,41.131296,264.6 14.829983,41.131265,264.6 14.829963,41.131226,264.6 14.829942,41.131182,264.6 14.82992,41.131138,264.6 14.829893,41.131092,264.6 14.829861,41.131038,264.6 14.829826,41.13098,264.6 14.829786,41.130918,264.4 14.829745,41.130847,264.2 14.829698,41.130772,263.8 14.829649,41.130691,263.4 14.8296,41.130603,263 14.829544,41.130512,262.4 14.829487,41.130411,261.8 14.829426,41.130306,261.8 14.829361,41.130198,261.2 14.829297,41.130085,260.4 14.829234,41.129967,259.6 14.829172,41.129845,258.6 14.82911,41.12972,257.4 14.82905,41.129597,256.2 14.828989,41.129476,255 14.82893,41.129353,253.8 14.828869,41.129235,252.2 14.828807,41.129122,250.6 14.828743,41.12901,248.8 14.828673,41.128901,247.2 14.828596,41.128794,245.4 14.828513,41.128687,243.8 14.828415,41.128589,242.4 14.828311,41.128493,241.2 14.828205,41.128394,240.4 14.827987,41.12819,239.4 14.827878,41.128087,239.2 14.827767,41.127986,238.8 14.82765,41.127894,238 14.827522,41.127814,237.2 14.827381,41.12775,237.2 14.827237,41.127697,236.4 14.827096,41.127638,235.4 14.826957,41.127575,234.2 14.826817,41.127513,233 14.82668,41.127448,232 14.826536,41.127385,230.8 14.826392,41.127324,229.8 14.82625,41.127254,229 14.826114,41.127171,228.2 14.825984,41.127074,227.2 14.825863,41.126966,226 14.825749,41.126855,224.4 14.825529,41.126637,221.2 14.825325,41.126433,218 14.825233,41.126337,216 14.825143,41.12624,213.8 14.82598108406517,41.1264249303688,211.8 14.824979,41.126063,210.8 14.824907,41.125985,210.4 14.824843,41.125914,210 14.824782,41.125847,210 14.824725,41.125786,210 14.824671,41.125729,209.8 14.824622,41.12568,209.8 14.824575,41.125634,209.8 14.824533,41.125588,209.8 14.824496,41.125545,209.8 14.824463,41.125507,210.4 14.824408,41.125444,212.4 14.824378,41.125411,213.6 14.824351,41.125378,214.6 14.824324,41.125344,215.8 14.824268,41.125272,218 14.824238,41.125236,219 14.824207,41.1252,219.8 14.824178,41.125168,220.6 14.824111,41.125105,222 14.824073,41.125072,222.8 14.824034,41.125041,223.6 14.823991,41.125008,224.2 14.823948,41.124976,225 14.823902,41.124947,226 14.823854,41.124917,226 14.823806,41.124888,226.6 14.823712,41.124832,228 14.823665,41.124802,228.6 14.823616,41.124772,229 14.82357,41.124743,229.6 14.823524,41.124712,230 14.823478,41.124679,230.4 14.823433,41.124647,230.6 14.823389,41.124617,231 14.823345,41.124589,231.4 14.823305,41.124563,231.8 14.823272,41.12454,232.2 14.823241,41.124519,232.8 14.823217,41.1245,233.2 14.823198,41.124482,233.8 14.823179,41.124471,234.4 14.823163,41.124465,235 14.823156,41.124463,235.6 14.823151,41.124464,239 14.823136,41.124463,239 14.823117,41.124461,239 14.823096,41.124455,239 14.82307,41.124448,239 14.82304,41.124444,239 14.823007,41.124445,239 14.822935,41.124449,239 14.822904,41.124451,239 14.822874,41.124452,239 14.822843,41.124457,239 14.822812,41.124465,239.2 14.822778,41.124475,239.4 14.822743,41.124483,239.4 14.822711,41.124489,239.6 14.822676,41.124493,239.8 14.82264,41.124498,240 14.822577,41.124506,240.2 14.822546,41.124511,240.4 14.822519,41.124519,240.4 14.822491,41.124527,240.6 14.822463,41.124537,240.6 14.822435,41.124549,240.6 14.822407,41.124553,240.8 14.822376,41.124558,240.8 14.822338,41.124566,240.8 14.822297,41.124574,240.8 14.822254,41.124579,240.8 14.822209,41.124586,240.8 14.822166,41.124595,240.8 14.822132,41.124604,240.8 14.822111,41.124612,240.8 14.822097,41.124621,240.8 14.822086,41.124626,240.8 14.82207,41.124632,240.8 14.822067,41.124634,240.8 14.822053,41.12464,240.8 14.822029,41.124646,240.8 14.821996,41.124655,240.8 14.821964,41.124662,240.8 14.821921,41.124672,240.8 14.821874,41.124682,240.8 14.821823,41.124694,240.8 14.82177,41.124703,240.6 14.821713,41.124715,240.6 14.821589,41.124746,240.6 14.821529,41.124763,240.6 14.821466,41.124779,240.4 14.821402,41.124796,240.2 14.821334,41.124812,240 14.821264,41.12483,239.8 14.821195,41.124849,239.6 14.821124,41.124869,239.2 14.821052,41.124887,238.8 14.820979,41.124909,238.6 14.820907,41.124933,238.2 14.820837,41.124956,238.2 14.820769,41.12498,237.8 14.820706,41.125005,237.6 14.82064,41.125029,237.4 14.820571,41.125051,237 14.820495,41.125064,237 14.820413,41.125072,236.8 14.820326,41.125074,236.4 14.820229,41.125067,236.4 14.820125,41.125052,236.4 14.820016,41.125035,236.2 14.819904,41.125014,236 14.819798,41.124996,236 14.819701,41.124985,235.8 14.819608,41.124972,235.6 14.819512,41.124957,235.2 14.819407,41.124941,234.8 14.819296,41.124927,234.2 14.819181,41.124918,233.4 14.819057,41.124913,232.6 14.818925,41.124914,231.4 14.818789,41.124925,230.6 14.818652,41.124943,229.6 14.818517,41.12497,228.6 14.818391,41.125007,227.6 14.818269,41.12505,226.4 14.818149,41.125084,225.4 14.818041,41.125124,224.2 14.817941,41.125165,223 14.817851,41.125202,221.8 14.817772,41.125235,221.2 14.817701,41.125263,221 14.817628,41.125291,221 14.817551,41.125318,221 14.817473,41.125344,221 14.817392,41.125367,221 14.817307,41.125383,221 14.817224,41.125393,221 14.817145,41.125402,221 14.817075,41.125412,221 14.817003,41.125422,221 14.816935,41.125433,221.4 14.816869,41.125448,221.6 14.816804,41.125465,222 14.81674,41.125482,222.4 14.816669,41.125497,223 14.816596,41.125508,223.2 14.81652,41.125516,224 14.81644,41.125521,225 14.816356,41.125516,225.4 14.816277,41.125508,226.2 14.816141,41.125495,227.6 14.816086,41.125491,228.2 14.816033,41.125488,228.6 14.815989,41.125486,229 14.815952,41.125487,229 14.815917,41.12549,229.4 14.81583,41.125503,230 14.815776,41.125507,230.4 14.815714,41.125508,230.6 14.815646,41.125505,230.8 14.815578,41.1255,230.8 14.815505,41.125496,230.8 14.815427,41.125491,230.8 14.815347,41.125488,230.8 14.815265,41.125484,231 14.815187,41.125485,231 14.815108,41.125483,231 14.815033,41.125482,231 14.814958,41.125479,230.8 14.814881,41.125475,230.6 14.814806,41.125474,230.4 14.814732,41.125474,230.2 14.814658,41.125472,230 14.814579,41.125472,229.8 14.814495,41.125471,229.8 14.814411,41.125471,229.8 14.814324,41.125469,229.8 14.814238,41.12547,229.8 14.814155,41.125473,229.8 14.814072,41.125477,229.6 14.813989,41.125484,229.6 14.813901,41.125491,229.6 14.813811,41.125497,229.4 14.813723,41.125499,229.2 14.813632,41.125498,229 14.81354,41.1255,229 14.813354,41.12552,228.8 14.813262,41.12553,228.8 14.81317,41.125538,228.6 14.813078,41.125544,228.6 14.812987,41.125549,228.4 14.812896,41.125556,228.4 14.812805,41.125564,228.2 14.812712,41.125571,228 14.812623,41.125575,227.6 14.812537,41.12558,227.6 14.812374,41.125592,227.4 14.812293,41.125601,227.2 14.812214,41.12561,227.2 14.812136,41.125617,227.2 14.812059,41.125621,227.2 14.811981,41.125629,227 14.8119,41.125636,227 14.811818,41.125641,227 14.811735,41.125645,227 14.811649,41.125651,227 14.811563,41.125658,227 14.811477,41.125667,226.8 14.811388,41.125679,226.8 14.811297,41.12569,226.8 14.811203,41.125702,226.8 14.811107,41.125713,226.6 14.811009,41.12572,226.4 14.810906,41.125719,225.8 14.8108,41.12571,225.6 14.810689,41.125699,225.4 14.810571,41.125689,225 14.81045,41.125681,225 14.810323,41.125673,224.6 14.810189,41.125671,224.4 14.810054,41.125674,224 14.809919,41.125675,223.4 14.809784,41.125673,223.4 14.80965,41.125669,222.6 14.809516,41.125666,221.8 14.809383,41.125668,220.8 14.809255,41.125674,220 14.809125,41.125686,219 14.80899,41.125712,217.8 14.808855,41.125747,217 14.808731,41.125786,216.2 14.808608,41.125829,215.6 14.808488,41.125872,215 14.808372,41.125911,214.2 14.808257,41.125946,213.4 14.808149,41.125984,212.6 14.808052,41.12602,211.4 14.807966,41.126048,210.2 14.807893,41.126069,208.8 14.807822,41.126087,207.4 14.807743,41.126101,205.8 14.807557,41.126126,203.2 14.807448,41.126136,202.4 14.80733,41.126148,201.6 14.807207,41.126164,200.8 14.807083,41.126182,200.8 14.806955,41.126199,200.2 14.80682,41.12622,199.8 14.806684,41.126242,199.2 14.806547,41.126263,198.4 14.806412,41.126283,197.6 14.806281,41.126299,196.6 14.806156,41.126316,195.6 14.806035,41.126331,194.6 14.805916,41.126341,193.2 14.805801,41.12635,192 14.80569,41.126357,191 14.805582,41.126357,190 14.805473,41.126356,189 14.805367,41.126361,188 14.805255,41.126369,187.4 14.805139,41.126378,186.8 14.80502,41.126386,186.2 14.804897,41.126391,185.8 14.804768,41.126388,185.4 14.804641,41.126384,185 14.804509,41.126386,184.4 14.80438,41.1264,183.6 14.804253,41.126419,182.8 14.804123,41.126443,182.8 14.803996,41.126468,182 14.803872,41.126486,181.6 14.803751,41.126503,180.8 14.803634,41.126519,180 14.803514,41.126537,179.2 14.803398,41.126555,178.4 14.803288,41.126571,177.6 14.803177,41.12659,176.8 14.803068,41.126609,176.4 14.802963,41.126628,176 14.80286,41.126646,175.8 14.802757,41.126663,175.6 14.802655,41.126675,175.6 14.802559,41.126688,175.6 14.802471,41.126706,175.6 14.802389,41.126722,175.6 14.80231,41.126742,175.6 14.802236,41.126761,175.6 14.802164,41.126777,175.6 14.802097,41.126793,175.6 14.802033,41.126807,175.8 14.80197,41.126822,176 14.801907,41.126834,176.2 14.801845,41.126845,176.2 14.801784,41.126856,176.4 14.801666,41.126876,177.2 14.80155,41.126894,178.2 14.801493,41.126904,178.8 14.801439,41.126917,179.4 14.801387,41.12693,179.8 14.801332,41.126942,180.2 14.801281,41.126957,180.6 14.801229,41.126972,180.8 14.801177,41.126986,181.2 14.801128,41.127002,181.6 14.801078,41.127018,182 14.801029,41.127033,182.2 14.800982,41.127047,182.4 14.800935,41.127062,182.6 14.800887,41.127076,183 14.800841,41.127092,183.2 14.800799,41.127112,183.4 14.800755,41.127129,183.6 14.800706,41.127143,184 14.80066,41.127157,184 14.800613,41.12717,184 14.800567,41.127185,184.2 14.800517,41.127198,184.4 14.800464,41.12721,184.6 14.80041,41.12722,185 14.800358,41.127231,185.4 14.80031,41.127243,185.8 14.800262,41.127256,186.4 14.800212,41.12727,186.8 14.800165,41.127285,187.4 14.800116,41.127299,187.8 14.800065,41.12731,188.2 14.800017,41.127319,188.4 14.799965,41.127324,189 14.799911,41.127327,189.4 14.799855,41.127331,189.8 14.799799,41.127333,190.2 14.799745,41.127332,190.8 14.799695,41.127332,191.2 14.799643,41.127333,191.8 14.79959,41.127332,192.2 14.799476,41.12733,193 14.799365,41.127321,193.6 14.799297,41.127317,194.2 14.799146,41.127315,195.2 14.799,41.127309,195.8 14.798929,41.127302,196.2 14.798864,41.127299,196.4 14.798803,41.127295,196.4 14.798741,41.127295,196.4 14.798629,41.127291,196.6 14.798574,41.127286,196.6 14.798515,41.127281,197 14.798458,41.127276,197.6 14.798402,41.127272,198 14.798347,41.127267,198.6 14.79829,41.127262,199.2 14.798233,41.127258,199.8 14.798176,41.127255,200.2 14.798119,41.127254,200.8 14.798004,41.127242,201.6 14.797946,41.127234,202 14.797889,41.127229,202 14.797833,41.127223,202.4 14.797778,41.127215,202.8 14.797721,41.127206,203.2 14.797663,41.127195,203.6 14.797609,41.127188,204 14.797552,41.12718,204.6 14.79744,41.127168,205.2 14.797343,41.127155,206.2 14.797306,41.127149,206.4 14.797275,41.127143,206.6 14.797248,41.127137,207 14.797225,41.127133,207.4 14.797203,41.127131,207.6 14.79718,41.127127,207.8 14.797154,41.127125,208.2 14.797129,41.127122,208.4 14.797106,41.127115,208.6 14.797087,41.127106,209 14.797081,41.127106,209 14.797073,41.127101,209 14.797059,41.127094,209 14.797044,41.127076,209 14.797038,41.127052,209 14.797044,41.127026,209 14.797072,41.126972,209 14.797085,41.126941,209 14.797095,41.12691,209 14.797105,41.126877,209 14.797113,41.126843,209 14.797117,41.126806,209.2 14.797123,41.126773,209.2 14.797127,41.126739,209.2 14.797132,41.126708,209.4 14.797138,41.126678,209.4 14.797146,41.126646,209.4 14.797149,41.126615,209.6 14.79715,41.12658,209.6 14.797152,41.126542,209.8 14.797164,41.126472,210 14.797166,41.126441,210 14.797167,41.12641,210 14.797172,41.12638,210.2 14.797179,41.12635,210.4 14.797184,41.126321,210.6 14.797188,41.126291,210.8 14.797193,41.126261,211 14.7972,41.126231,211 14.797206,41.126201,211.2 14.797212,41.126168,211.2 14.797216,41.126135,211.4 14.79722,41.126109,211.6 14.797227,41.126068,211.6 14.797233,41.126034,211.8 14.797237,41.125999,211.8 14.797247,41.125928,212 14.79725,41.125896,212 14.797252,41.12586,212.2 14.797259,41.125824,212.2 14.797264,41.125788,212.4 14.797271,41.125752,212.4 14.797281,41.125682,212.6 14.797282,41.125646,212.6 14.797286,41.125612,212.6 14.797291,41.125576,212.8 14.797298,41.125542,212.8 14.797304,41.125509,213 14.797307,41.125475,213 14.79731,41.125449,213.2 14.797312,41.125407,213.4 14.797314,41.125374,213.4 14.797315,41.125339,213.6 14.797318,41.125305,213.8 14.797318,41.12524,213.8 14.79732,41.125216,214 14.797322,41.125182,214 14.797323,41.125155,214.2 14.797321,41.125099,214.4 14.797318,41.125071,214.4 14.797314,41.125039,214.4 14.797309,41.125007,214.6 14.797304,41.124972,214.6 14.797298,41.124935,214.6 14.797291,41.124899,214.8 14.797282,41.124864,214.8 14.797271,41.124828,215 14.797256,41.124794,215 14.797237,41.124759,215 14.797217,41.124727,215 14.797199,41.124695,215.2 14.79718,41.12466,215.2 14.79716,41.124624,215.2 14.797144,41.124584,215.2 14.797128,41.124549,215.2 14.797108,41.124516,215.2 14.797089,41.124484,215.2 14.797055,41.124424,215.2 14.797033,41.124394,215.2 14.797012,41.124359,215.2 14.796988,41.124324,215 14.796962,41.124289,215 14.796935,41.12425,214.8 14.796906,41.124214,214.8 14.796875,41.124182,214.8 14.796851,41.124145,214.8 14.796828,41.12411,214.6 14.796809,41.124076,214.6 14.796785,41.124041,214.4 14.796757,41.124004,214.2 14.796732,41.123969,214.2 14.796703,41.123933,214 14.796663,41.123895,213.8 14.796622,41.123854,213.6 14.796578,41.123815,213.4 14.796527,41.123778,213.2 14.796468,41.123746,213.2 14.796404,41.123722,213 14.796338,41.123708,212.6 14.796273,41.123703,212.4 14.796213,41.123704,212.2 14.796157,41.123707,211.8 14.796103,41.123709,211.8 14.796049,41.123713,211.6 14.795999,41.123726,211.2 14.795953,41.123743,211 14.795906,41.123758,210.8 14.795862,41.123776,210.6 14.795815,41.123795,210.6 14.795766,41.123814,210.6 14.795717,41.123834,210.4 14.795669,41.123856,210.4 14.795621,41.123877,210.6 14.795572,41.123897,210.6 14.795522,41.123915,210.6 14.79547,41.123931,210.6 14.795419,41.12395,210.6 14.795367,41.123969,210.6 14.795314,41.123989,210.2 14.795263,41.124012,210.4 14.795211,41.124037,210 14.795156,41.12406,210 14.795103,41.124082,209.8 14.79505,41.124101,209.6 14.794987,41.124112,209.6 14.794932,41.124132,209.6 14.794883,41.124161,209.6 14.794837,41.124192,209.4 14.79479,41.124219,209.4 14.79474,41.124244,209.4 14.794688,41.124271,209.2 14.794629,41.12429,209 14.794568,41.124311,208.8 14.794515,41.124335,208.8 14.79446,41.124361,208.8 14.794404,41.124383,208.6 14.79435,41.124408,208.6 14.794296,41.12443,208.6 14.794242,41.124453,208.4 14.794192,41.12448,208.2 14.794138,41.124506,208.2 14.794084,41.124531,208 14.794029,41.124556,208 14.79397,41.124583,208 14.793909,41.124612,207.8 14.793845,41.124639,207.8 14.793783,41.124667,207.8 14.793723,41.124696,207.6 14.793663,41.124722,207.6 14.793606,41.124746,207.4 14.793555,41.124768,207.4 14.793513,41.124793,207.2 14.793466,41.124814,207.2 14.793416,41.124834,207 14.793368,41.124857,206.8 14.793272,41.124904,206.8 14.793224,41.124926,206.6 14.793177,41.124949,206.6 14.793128,41.124974,206.6 14.793075,41.125,206.6 14.793017,41.125025,206.4 14.792965,41.125058,206.4 14.792907,41.125093,206.4 14.792848,41.125128,206.4 14.792788,41.125157,206.4 14.792729,41.125184,206.2 14.792671,41.125211,206.2 14.792623,41.125247,206.2 14.79257,41.125278,206.2 14.792517,41.125304,206 14.792463,41.125331,205.8 14.792407,41.125358,205.6 14.792352,41.125388,205.4 14.792246,41.125445,205.4 14.792193,41.125472,205.2 14.792142,41.1255,205.2 14.792091,41.125527,205 14.791995,41.125574,205 14.791948,41.125596,204.8 14.791904,41.125619,204.8 14.791814,41.125669,204.4 14.791766,41.125695,204.4 14.791719,41.125723,204.2 14.791669,41.125751,204.2 14.791621,41.125777,204.2 14.791574,41.125801,204 14.791528,41.125826,203.8 14.791479,41.125852,203.6 14.791432,41.125881,203.6 14.791382,41.125909,203.4 14.791274,41.125966,203.2 14.791217,41.125991,203 14.791162,41.126014,202.8 14.791114,41.126037,202.8 14.791073,41.126063,202.6 14.791035,41.126086,202.6 14.790952,41.126132,202.4 14.790907,41.126156,202.2 14.790862,41.126179,202.2 14.790819,41.126204,202 14.790773,41.126228,201.8 14.790725,41.126254,201.6 14.790678,41.126282,201.8 14.790632,41.126313,201.6 14.790583,41.126344,201.6 14.790465,41.126392,201.2 14.790407,41.126421,201.2 14.790348,41.126452,201.2 14.790293,41.126486,201 14.790238,41.126521,201 14.790181,41.126554,201 14.790121,41.126585,200.8 14.790065,41.126612,200.8 14.790018,41.126639,200.6 14.78997,41.126664,200.4 14.789921,41.126689,200.4 14.789872,41.126717,200 14.789832,41.12675,200 14.789792,41.126779,199.8 14.789745,41.1268,199.6 14.789701,41.126827,199.4 14.789658,41.12686,199.4 14.789614,41.126891,199.2 14.789571,41.126918,199.2 14.789525,41.126946,199 14.789477,41.126973,199 14.789427,41.126995,198.8 14.789381,41.12702,198.8 14.789334,41.127049,198.4 14.789287,41.127077,198.2 14.789238,41.127108,198.2 14.789136,41.12717,198 14.789084,41.127198,198 14.789032,41.127229,197.8 14.788981,41.127258,197.6 14.788875,41.127307,197.4 14.788779,41.127357,197.6 14.788731,41.127384,197.4 14.788683,41.127412,197.4 14.788634,41.12744,197.2 14.788584,41.127469,197.4 14.788535,41.127497,196.8 14.788489,41.127529,196.6 14.788373,41.127592,196.2 14.788315,41.127625,196 14.788252,41.127659,196 14.788187,41.127695,195.8 14.788117,41.127735,195.6 14.78805,41.127777,195.6 14.787981,41.12782,195.4 14.78791,41.127861,195.4 14.787842,41.127901,195.2 14.787775,41.127939,195.2 14.787707,41.12798,195 14.787638,41.128017,194.8 14.787567,41.128048,194.6 14.787439,41.128109,194.2 14.787382,41.128141,193.8 14.787322,41.128174,193.8 14.787266,41.128207,193.8 14.787209,41.128237,193.4 14.787159,41.128268,193.2 14.787107,41.128301,193 14.787053,41.128337,193 14.787001,41.128375,192.8 14.786942,41.12841,192.6 14.786884,41.128448,192.4 14.78683,41.128486,192.2 14.786773,41.128523,191.8 14.786723,41.128555,191.6 14.78668,41.128583,191.6 14.786638,41.128609,191.4 14.786594,41.128631,191.2 14.786556,41.128652,191 14.786515,41.128673,190.8 14.786477,41.128694,190.6 14.7864,41.128744,190.2 14.786359,41.128775,190 14.78631,41.128807,189.8 14.786256,41.128846,189.6 14.786198,41.128886,189.4 14.786138,41.128927,189.4 14.786078,41.128969,189.4 14.786012,41.129013,189.4 14.785947,41.129056,189.2 14.785885,41.129098,189.2 14.78582,41.129141,189 14.78575,41.129187,188.8 14.785684,41.129235,188.6 14.785615,41.129281,188.4 14.785549,41.12933,188.2 14.785483,41.12938,188 14.785412,41.129427,187.6 14.78534,41.12947,187.4 14.785271,41.129508,187 14.785205,41.129548,186.6 14.785146,41.129589,186.6 14.785091,41.129631,186.4 14.785033,41.129669,186.2 14.784978,41.129709,186 14.784922,41.129749,186 14.784864,41.129787,185.8 14.784804,41.129823,185.8 14.784744,41.129861,185.8 14.784685,41.129899,185.8 14.784625,41.129935,185.8 14.784565,41.129972,185.8 14.784507,41.130005,185.8 14.784449,41.13004,185.8 14.784388,41.130074,185.8 14.784323,41.130106,185.8 14.784251,41.130128,185.8 14.784172,41.130136,185.8 14.784096,41.130128,185.8 14.784023,41.13011,185.8 14.783951,41.130089,185.8 14.783884,41.13007,185.8 14.783817,41.130049,185.8 14.783753,41.13003,186 14.783692,41.130013,186 14.78358,41.129977,186.2 14.783525,41.129966,186.2 14.783479,41.129954,186.4 14.783432,41.129943,186.6 14.783332,41.129921,187 14.783286,41.129909,187.4 14.783246,41.1299,187.4 14.783209,41.129891,187.4 14.783173,41.129882,187.6 14.783134,41.129873,187.6 14.783093,41.129859,187.8 14.783049,41.129845,187.8 14.783009,41.129834,188 14.782973,41.12982,188 14.782941,41.129806,188.2 14.782907,41.129787,188.4 14.782868,41.129772,188.4 14.782826,41.129759,188.8 14.782781,41.129746,188.8 14.782733,41.129734,189 14.782688,41.129729,189.2 14.782644,41.129729,189.4 14.782597,41.129733,189.4 14.78255,41.129734,189.4 14.782502,41.129731,189.4 14.782448,41.12973,189.4 14.782395,41.12973,189.4 14.78234,41.129727,189.4 14.782285,41.129719,189.4 14.782231,41.129714,189.4 14.782176,41.129711,189.4 14.782124,41.129715,189.4 14.782075,41.129724,189.4 14.782029,41.129739,189.4 14.781988,41.129751,189.4 14.781948,41.12976,189.4 14.781906,41.129767,189.2 14.781861,41.129773,189.2 14.781817,41.12978,189.2 14.781776,41.129795,189.2 14.781741,41.129817,189 14.781709,41.129839,189 14.781677,41.129862,189 14.781643,41.129887,188.8 14.781614,41.129913,188.8 14.781586,41.129935,188.8 14.781555,41.129954,188.8 14.781523,41.129976,188.6 14.781487,41.129995,188.6 14.78145,41.130011,188.4 14.781417,41.130025,188.4 14.781387,41.130038,188.4 14.781355,41.130047,188.4 14.781324,41.130057,188.4 14.781297,41.130069,188.2 14.781267,41.130079,188.2 14.781234,41.130089,188 14.781203,41.1301,188 14.781135,41.130129,187.8 14.781057,41.130162,187.4 14.781017,41.130176,187.2 14.780979,41.130187,187.2 14.780944,41.130198,187 14.780908,41.130206,186.8 14.780875,41.130217,186.6 14.780811,41.130248,186.2 14.78078,41.130262,186.4 14.780747,41.130276,186.4 14.780711,41.130291,186 14.78067,41.130306,186 14.780627,41.13032,185.8 14.780585,41.130334,185.8 14.780544,41.130349,185.6 14.780505,41.130365,185.4 14.780465,41.130384,185.4 14.780421,41.130403,185.2 14.780375,41.130418,185.2 14.780335,41.130434,185 14.780302,41.130446,185 14.780275,41.130458,184.8 14.780252,41.130472,184.8 14.780224,41.130481,184.6 14.780191,41.130488,184.4 14.780153,41.130497,184.4 14.780113,41.130505,184.2 14.780075,41.130514,184 14.780036,41.130519,184 14.780001,41.130524,183.8 14.779958,41.130529,183.8 14.779913,41.130544,183.8 14.779836,41.130565,183.4 14.779803,41.130573,183.2 14.779777,41.130579,183 14.779758,41.130588,182.8 14.779742,41.130597,182.6 14.779727,41.130604,182.4 14.7797,41.130621,182 14.779676,41.130628,181.8 14.779646,41.130639,181.8 14.779615,41.130653,181.8 14.779578,41.130663,181.6 14.779539,41.130676,181.6 14.779494,41.130682,181.6 14.779448,41.130686,181.4 14.779408,41.130699,181.4 14.779367,41.130711,181.4 14.779324,41.130721,181.2 14.779276,41.130733,181 14.779232,41.130745,180.8 14.77919,41.130758,180.6 14.779154,41.130772,180.4 14.779124,41.130782,180.4 14.779094,41.130788,180.2 14.779064,41.130801,180.2 14.779038,41.130813,180 14.779017,41.130831,179.8 14.778985,41.130849,179.6 14.778952,41.130862,179.4 14.778919,41.130872,179.4 14.778884,41.130878,179.2 14.778819,41.130895,179 14.778781,41.130906,178.6 14.778746,41.130919,178.6 14.778713,41.130932,178.4 14.778683,41.130941,178.2 14.778631,41.130961,177.8 14.778602,41.130969,177.4 14.778572,41.130979,177.4 14.778541,41.130993,177.4 14.778511,41.131008,177.2 14.778476,41.131025,177 14.778443,41.131045,176.8 14.778408,41.131068,176.8 14.778371,41.131089,176.8 14.77833,41.131108,176.6 14.77829,41.131128,176.4 14.778251,41.131151,176.2 14.77822,41.131175,176 14.778191,41.131194,175.8 14.778164,41.131213,175.8 14.77813,41.131228,175.6 14.778087,41.131241,175.6 14.778046,41.131249,175.4 14.77801,41.13125,175.4 14.777977,41.13125,175.2 14.777945,41.131252,175.2 14.777923,41.131256,175.2 14.777915,41.131259,174.4 
				</coordinates>
			</LineString>
		</Placemark>
		<Placemark id="0A1B2E85843730BC8412">
			<name> Partenza, Piazza Roma</name>
			<LookAt>
				<longitude>14.77956729475753</longitude>
				<latitude>41.13159564709125</latitude>
				<altitude>170.1297477562181</altitude>
				<heading>0</heading>
				<tilt>0</tilt>
				<gx:fovy>30.00000000002677</gx:fovy>
				<range>781.3202119921336</range>
				<altitudeMode>absolute</altitudeMode>
			</LookAt>
			<styleUrl>#__managed_style_1B99002C951376EAF861C</styleUrl>
			<Point>
				<coordinates>14.77778662869735,41.13129863586067,144.6555504136222</coordinates>
			</Point>
		</Placemark>
		<Placemark id="0AE4DDB362376EE3A018">
			<name>Zona industriale Ponte Valentino</name>
			<LookAt>
				<longitude>14.83259574145092</longitude>
				<latitude>41.14531020923455</latitude>
				<altitude>129.362590677148</altitude>
				<heading>0</heading>
				<tilt>0</tilt>
				<gx:fovy>30</gx:fovy>
				<range>4204.006373063894</range>
				<altitudeMode>absolute</altitudeMode>
			</LookAt>
			<styleUrl>#__managed_style_0A46B258EF376EAF8618</styleUrl>
			<Point>
				<coordinates>14.8400511014122,41.14686202424043,150.9393499295564</coordinates>
			</Point>
		</Placemark>
		<Placemark id="02B2F9B766376EE87B10">
			<name>Apice Vecchio</name>
			<LookAt>
				<longitude>14.93305741451333</longitude>
				<latitude>41.12125550000876</latitude>
				<altitude>206.4644682390337</altitude>
				<heading>0</heading>
				<tilt>0</tilt>
				<gx:fovy>30</gx:fovy>
				<range>862.8976667755342</range>
				<altitudeMode>absolute</altitudeMode>
			</LookAt>
			<styleUrl>#__managed_style_0A46B258EF376EAF8618</styleUrl>
			<Point>
				<coordinates>14.93203332676153,41.12054565838525,220.7111182605516</coordinates>
			</Point>
		</Placemark>
		<Placemark id="0CE3FC28493730C9B66C">
			<name>Ponte Appiano</name>
			<snippet></snippet>
			<LookAt>
				<longitude>14.8755511220112</longitude>
				<latitude>41.0976127253469</latitude>
				<altitude>262.9657432127975</altitude>
				<heading>0</heading>
				<tilt>0</tilt>
				<gx:fovy>30</gx:fovy>
				<range>11508.73201392358</range>
				<altitudeMode>absolute</altitudeMode>
			</LookAt>
			<styleUrl>#__managed_style_1892C8B99C4376EAF861C</styleUrl>
			<Point>
				<coordinates>14.93306599136962,41.08610744491008,180.6860201779024</coordinates>
			</Point>
		</Placemark>
		<Placemark id="027105DDF7376EF6BE63">
			<name> Un Palatium di Federico II</name>
			<snippet></snippet>
			<LookAt>
				<longitude>14.8755511220112</longitude>
				<latitude>41.0976127253469</latitude>
				<altitude>262.9657432127975</altitude>
				<heading>0</heading>
				<tilt>0</tilt>
				<gx:fovy>30</gx:fovy>
				<range>11508.73201392358</range>
				<altitudeMode>absolute</altitudeMode>
			</LookAt>
			<styleUrl>#__managed_style_0A46B258EF376EAF8618</styleUrl>
			<Point>
				<coordinates>14.90859325066134,41.10028782506199,230.8833232715756</coordinates>
			</Point>
		</Placemark>
		<Placemark id="0628CD92CE376EF9E11F">
			<name>L’insediamento di Nuceriola</name>
			<snippet></snippet>
			<LookAt>
				<longitude>14.83335025566782</longitude>
				<latitude>41.10490715526224</latitude>
				<altitude>262.3976423373822</altitude>
				<heading>0</heading>
				<tilt>0</tilt>
				<gx:fovy>30</gx:fovy>
				<range>4758.823958864668</range>
				<altitudeMode>absolute</altitudeMode>
			</LookAt>
			<styleUrl>#__managed_style_0A46B258EF376EAF8618</styleUrl>
			<Point>
				<coordinates>14.85946847410689,41.11193655814319,296.1310814075985</coordinates>
			</Point>
		</Placemark>
		<Placemark id="01CF381E433730BD8E28">
			<name>MUSA</name>
			<LookAt>
				<longitude>14.82373812732862</longitude>
				<latitude>41.1157636369643</latitude>
				<altitude>232.0998039636271</altitude>
				<heading>0</heading>
				<tilt>0</tilt>
				<gx:fovy>30.00000000002677</gx:fovy>
				<range>3307.527609679965</range>
				<altitudeMode>absolute</altitudeMode>
			</LookAt>
			<styleUrl>#__managed_style_0A46B258EF376EAF8618</styleUrl>
			<Point>
				<coordinates>14.80113362138518,41.12703381002127,231.0803913957965</coordinates>
			</Point>
		</Placemark>
		<Placemark id="05255B5DA8376ED7000C">
			<name>Arco di Traiano</name>
			<LookAt>
				<longitude>14.77927096835139</longitude>
				<latitude>41.13226359959456</latitude>
				<altitude>141.6066660442156</altitude>
				<heading>0</heading>
				<tilt>0</tilt>
				<gx:fovy>30</gx:fovy>
				<range>435.3546760766767</range>
				<altitudeMode>absolute</altitudeMode>
			</LookAt>
			<styleUrl>#__managed_style_03F5125839376ED8C8E0</styleUrl>
			<Point>
				<coordinates>14.77906188649373,41.13248102854112,140.0743055801286</coordinates>
			</Point>
		</Placemark>
	</Folder>
</Document>
</kml>
